stored_sample_id,genotype,age,group,gene,ct_rep1,ct_rep2,ct_rep3,ct_mean,ct_sd,qc_fail,ref_geomean,delta_ct,cal_dct,delta_delta_ct,relative_expression
A001,DD,1-year,DD-1-year,NOTCH1,26.75,26.489,26.716,26.65166666666667,0.1418955014555897,False,23.583,3.0686666666666724,4.667041666666668,-1.5983749999999954,3.02802055762294
A001,DD,1-year,DD-1-year,GSN,25.086,24.354,24.514,24.65133333333333,0.3848393604263121,False,23.583,1.0683333333333316,2.78475,-1.7164166666666685,3.2861917553634146
A001,DD,1-year,DD-1-year,CCNG1,26.287,26.432,26.085,26.268,0.1742785127317754,False,23.583,2.6850000000000023,4.343083333333334,-1.658083333333332,3.155969654100685
A001,DD,1-year,DD-1-year,CHST11,27.785,27.722,27.366,27.624333333333336,0.2259299301405937,False,23.583,4.041333333333338,4.4579166666666685,-0.4165833333333308,1.3347627530233706
A001,DD,1-year,DD-1-year,ODC1,27.633,27.906,27.663,27.734,0.1497097191233751,False,23.583,4.151,3.9957857142857134,0.1552142857142864,0.897998981807277
A001,DD,1-year,DD-1-year,GALNT,27.894,27.868,27.94,27.900666666666663,0.0364600237703356,False,23.583,4.317666666666668,4.662041666666667,-0.3443749999999994,1.269600850727846
A001,DD,1-year,DD-1-year,FUT1/2,26.866,26.79,27.101,26.919,0.162132661731065,False,23.583,3.336000000000002,3.833309523809524,-0.497309523809522,1.4115786588517178
A002,DD,1-year,DD-1-year,PRKCD,26.011,25.589,25.388,25.662666666666667,0.3179659310890598,False,21.998666666666665,3.6640000000000015,3.7783333333333338,-0.1143333333333322,1.082474720401528
A002,DD,1-year,DD-1-year,NOTCH1,26.148,26.311,25.389,25.94933333333333,0.4920592782717684,False,21.998666666666665,3.9506666666666663,4.667041666666668,-0.7163750000000011,1.6430484238971776
A002,DD,1-year,DD-1-year,GSN,24.453,24.547,24.322,24.44066666666667,0.1130058995510123,False,21.998666666666665,2.442000000000004,2.78475,-0.3427499999999961,1.2681716228880189
A002,DD,1-year,DD-1-year,CCNG1,26.118,26.077,25.827,26.00733333333333,0.1575129624295504,False,21.998666666666665,4.00866666666667,4.343083333333334,-0.3344166666666641,1.2608674918135718
A002,DD,1-year,DD-1-year,CHST11,27.298,27.459,27.691,27.482666666666663,0.1975660227198327,False,21.998666666666665,5.483999999999998,4.4579166666666685,1.0260833333333297,0.4910414331470961
A002,DD,1-year,DD-1-year,ODC1,27.352,27.39,27.097,27.279666666666667,0.1593308925893945,False,21.998666666666665,5.281000000000002,3.9957857142857134,1.285214285714289,0.4103098559247337
A002,DD,1-year,DD-1-year,GALNT,28.278,27.815,28.085,28.05933333333333,0.2325646863419568,False,21.998666666666665,6.060666666666666,4.662041666666667,1.3986249999999991,0.3792904625746164
A002,DD,1-year,DD-1-year,FUT1/2,26.805,26.696,26.669,26.723333333333333,0.0720023147776044,False,21.998666666666665,4.724666666666668,3.833309523809524,0.8913571428571436,0.5391067420704883
A003,DD,1-year,DD-1-year,PRKCD,25.92,25.705,25.682,25.769,0.1312745215188404,False,22.93883333333333,2.830166666666667,3.7783333333333338,-0.9481666666666668,1.9294192515462256
A003,DD,1-year,DD-1-year,NOTCH1,26.575,26.396,26.342,26.43766666666667,0.121960376079009,False,22.93883333333333,3.4988333333333337,4.667041666666668,-1.1682083333333342,2.2473243089886514
A003,DD,1-year,DD-1-year,GSN,25.004,24.519,24.593,24.70533333333333,0.2612859225701492,False,22.93883333333333,1.766499999999997,2.78475,-1.0182500000000028,2.025460569862998
A003,DD,1-year,DD-1-year,CCNG1,26.397,26.472,26.371,26.41333333333333,0.0524436205208363,False,22.93883333333333,3.4744999999999955,4.343083333333334,-0.8685833333333388,1.82586909219476
A003,DD,1-year,DD-1-year,CHST11,27.772,27.656,27.763,27.73033333333333,0.0645316459834507,False,22.93883333333333,4.791499999999999,4.4579166666666685,0.3335833333333307,0.7935630000797083
A003,DD,1-year,DD-1-year,ODC1,27.511,27.356,27.495,27.454000000000004,0.085246700815925,False,22.93883333333333,4.515166666666669,3.9957857142857134,0.5193809523809558,0.6976711334393683
A003,DD,1-year,DD-1-year,GALNT,27.493,27.456,27.511,27.486666666666665,0.0280416357107305,False,22.93883333333333,4.54783333333333,4.662041666666667,-0.1142083333333374,1.0823809351769669
A003,DD,1-year,DD-1-year,FUT1/2,27.046,27.161,27.015,27.074,0.0769220384545294,False,22.93883333333333,4.135166666666667,3.833309523809524,0.3018571428571426,0.8112074781967862
A004,DD,1-year,DD-1-year,PRKCD,25.648,25.466,25.55,25.554666666666662,0.0910896993810672,False,22.514,3.040666666666666,3.7783333333333338,-0.7376666666666671,1.667476774196926
A004,DD,1-year,DD-1-year,NOTCH1,26.209,25.731,26.605,26.18166666666667,0.4376406440600927,False,22.514,3.667666666666669,4.667041666666668,-0.9993749999999988,1.9991337536741585
A004,DD,1-year,DD-1-year,GSN,24.428,24.123,24.561,24.370666666666665,0.2245580845423586,False,22.514,1.8566666666666656,2.78475,-0.9280833333333344,1.9027464564345569
A004,DD,1-year,DD-1-year,CCNG1,25.94,26.149,26.252,26.113666666666663,0.1589727439951043,False,22.514,3.599666666666664,4.343083333333334,-0.7434166666666702,1.6741359249671213
A004,DD,1-year,DD-1-year,CHST11,27.332,27.476,27.63,27.479333333333333,0.1490279615821577,False,22.514,4.965333333333334,4.4579166666666685,0.5074166666666651,0.7034809850449362
A004,DD,1-year,DD-1-year,ODC1,27.277,27.428,27.099,27.268,0.164684546937471,False,22.514,4.754000000000001,3.9957857142857134,0.758214285714288,0.5912276776433506
A004,DD,1-year,DD-1-year,GALNT,27.468,27.459,27.236,27.387666666666664,0.1314242494113366,False,22.514,4.873666666666665,4.662041666666667,0.2116249999999979,0.8635639957599842
A005,DD,1-year,DD-1-year,PRKCD,25.712,25.067,25.757,25.512,0.3860375629391526,False,22.71033333333333,2.8016666666666694,3.7783333333333338,-0.9766666666666644,1.9679133070162207
A005,DD,1-year,DD-1-year,NOTCH1,26.767,26.826,26.86,26.817666666666668,0.047056703383613,False,22.71033333333333,4.107333333333337,4.667041666666668,-0.5597083333333313,1.473971197464662
A005,DD,1-year,DD-1-year,GSN,24.646,24.68,24.511,24.612333333333336,0.0893886644565932,False,22.71033333333333,1.9020000000000048,2.78475,-0.8827499999999953,1.843886686924675
A005,DD,1-year,DD-1-year,CCNG1,26.622,26.466,26.478,26.522,0.086810137656842,False,22.71033333333333,3.811666666666671,4.343083333333334,-0.5314166666666633,1.4453477704546722
A005,DD,1-year,DD-1-year,CHST11,27.618,27.649,27.591,27.619333333333334,0.0290229794013869,False,22.71033333333333,4.9090000000000025,4.4579166666666685,0.4510833333333339,0.7314933564187
A005,DD,1-year,DD-1-year,ODC1,27.383,27.598,27.511,27.49733333333333,0.1081495877631224,False,22.71033333333333,4.786999999999999,3.9957857142857134,0.7912142857142856,0.5778575168367277
A005,DD,1-year,DD-1-year,GALNT,27.251,27.4,27.216,27.289,0.0977087508875214,False,22.71033333333333,4.578666666666667,4.662041666666667,-0.0833750000000002,1.059493693295191
A005,DD,1-year,DD-1-year,FUT1/2,27.28,27.129,27.364,27.25766666666667,0.1190812047862015,False,22.71033333333333,4.547333333333338,3.833309523809524,0.7140238095238138,0.6096174861303267
A006,DD,1-year,DD-1-year,PRKCD,25.718,25.678,25.908,25.768,0.1228820572744455,False,22.707166666666662,3.060833333333335,3.7783333333333338,-0.7174999999999989,1.6443301572543902
A006,DD,1-year,DD-1-year,NOTCH1,26.634,26.761,26.352,26.58233333333333,0.2093378449619971,False,22.707166666666662,3.8751666666666686,4.667041666666668,-0.7918749999999992,1.731323116823406
A006,DD,1-year,DD-1-year,GSN,24.711,24.335,24.136,24.394,0.2920051369411156,False,22.707166666666662,1.686833333333336,2.78475,-1.0979166666666638,2.140453755825221
A006,DD,1-year,DD-1-year,CCNG1,26.026,26.372,26.212,26.203333333333333,0.1731627365611127,False,22.707166666666662,3.4961666666666678,4.343083333333334,-0.846916666666667,1.7986527270393164
A006,DD,1-year,DD-1-year,CHST11,27.63,27.575,27.344,27.516333333333336,0.1517574819682145,False,22.707166666666662,4.80916666666667,4.4579166666666685,0.3512500000000012,0.7839046019892174
A006,DD,1-year,DD-1-year,ODC1,27.139,27.106,27.458,27.234333333333336,0.1944025034132349,False,22.707166666666662,4.52716666666667,3.9957857142857134,0.5313809523809563,0.6918921355849695
A006,DD,1-year,DD-1-year,GALNT,27.829,28.187,28.336,28.11733333333333,0.2605807616331891,False,22.707166666666662,5.410166666666669,4.662041666666667,0.7481250000000017,0.5953768369756586
A006,DD,1-year,DD-1-year,FUT1/2,27.416,27.377,27.131,27.308000000000003,0.1545218431161107,False,22.707166666666662,4.6008333333333375,3.833309523809524,0.7675238095238135,0.5874248449805651
A007,DD,1-year,DD-1-year,PRKCD,25.725,25.444,25.688,25.619,0.152679402671088,False,22.111,3.507999999999999,3.7783333333333338,-0.2703333333333346,1.2060864606438166
A007,DD,1-year,DD-1-year,NOTCH1,26.209,26.202,26.213,26.208,0.0055677643628294,False,22.111,4.096999999999998,4.667041666666668,-0.5700416666666701,1.4845664459701713
A007,DD,1-year,DD-1-year,GSN,25.102,24.391,24.444,24.645666666666667,0.3960837453535983,False,22.111,2.5346666666666664,2.78475,-0.2500833333333334,1.189275808283214
A007,DD,1-year,DD-1-year,CCNG1,26.308,26.298,26.213,26.273,0.0522015325445517,False,22.111,4.161999999999996,4.343083333333334,-0.1810833333333388,1.1337348979827917
A007,DD,1-year,DD-1-year,CHST11,27.386,27.304,27.156,27.282,0.1165675769671825,False,22.111,5.170999999999999,4.4579166666666685,0.7130833333333308,0.6100150182692742
A007,DD,1-year,DD-1-year,ODC1,26.848,27.109,27.459,27.138666666666666,0.306578429334703,False,22.111,5.027666666666665,3.9957857142857134,1.0318809523809516,0.4890720920755058
A007,DD,1-year,DD-1-year,GALNT,27.479,27.783,27.323,27.528333333333336,0.2339344637571249,False,22.111,5.417333333333335,4.662041666666667,0.7552916666666682,0.5924266037044191
A007,DD,1-year,DD-1-year,FUT1/2,26.642,26.719,26.947,26.769333333333336,0.1586074819588697,False,22.111,4.658333333333335,3.833309523809524,0.8250238095238109,0.5644728865454833
A008,DD,1-year,DD-1-year,PRKCD,25.35,25.182,25.157,25.229666666666663,0.1049587220450666,False,22.529166666666665,2.700499999999998,3.7783333333333338,-1.0778333333333356,2.11086356466829
A008,DD,1-year,DD-1-year,NOTCH1,26.482,26.632,26.652,26.58866666666667,0.0929157324317767,False,22.529166666666665,4.059500000000003,4.667041666666668,-0.6075416666666644,1.5236606979293188
A008,DD,1-year,DD-1-year,GSN,24.544,24.694,24.481,24.573,0.1094212045263609,False,22.529166666666665,2.043833333333332,2.78475,-0.740916666666668,1.6712373805990963
A008,DD,1-year,DD-1-year,CCNG1,26.439,26.526,26.456,26.47366666666667,0.0461121820491432,False,22.529166666666665,3.944500000000005,4.343083333333334,-0.3985833333333293,1.3182128447110764
A008,DD,1-year,DD-1-year,CHST11,27.401,27.279,27.459,27.379666666666665,0.0918767290086739,False,22.529166666666665,4.8505,4.4579166666666685,0.3925833333333317,0.7617643442543327
A008,DD,1-year,DD-1-year,ODC1,27.452,27.542,27.448,27.480666666666668,0.0531538647074073,False,22.529166666666665,4.951500000000003,3.9957857142857134,0.9557142857142896,0.5155862570473618
A008,DD,1-year,DD-1-year,GALNT,27.835,27.713,27.856,27.80133333333333,0.0772161468433472,False,22.529166666666665,5.272166666666667,4.662041666666667,0.610125,0.6551399359200852
A008,DD,1-year,DD-1-year,FUT1/2,26.853,26.849,26.842,26.848,0.0055677643628314,False,22.529166666666665,4.318833333333334,3.833309523809524,0.4855238095238099,0.7142376994389131
A009,DD,2-year,DD-2-year,PRKCD,25.581,25.429,25.476,25.49533333333333,0.0778224474899974,False,22.81833333333333,2.677,3.7783333333333338,-1.1013333333333342,2.145528898807868
A009,DD,2-year,DD-2-year,GSN,24.918,25.173,24.697,24.92933333333333,0.2382022949791481,False,22.81833333333333,2.1110000000000007,2.78475,-0.6737499999999992,1.595214026139736
A009,DD,2-year,DD-2-year,CCNG1,26.48,26.643,26.484,26.535666666666668,0.0929749070090058,False,22.81833333333333,3.717333333333336,4.343083333333334,-0.6257499999999983,1.5430127681531058
A009,DD,2-year,DD-2-year,CHST11,27.705,27.706,27.712,27.707666666666668,0.0037859388972007,False,22.81833333333333,4.889333333333337,4.4579166666666685,0.4314166666666681,0.7415332727839855
A009,DD,2-year,DD-2-year,ODC1,27.859,27.955,27.991,27.935,0.0682348884369265,False,22.81833333333333,5.116666666666671,3.9957857142857134,1.1208809523809573,0.4598129641365567
A009,DD,2-year,DD-2-year,GALNT,27.963,28.043,27.879,27.96166666666667,0.0820081296783018,False,22.81833333333333,5.143333333333338,4.662041666666667,0.4812916666666709,0.7163359903838786
A009,DD,2-year,DD-2-year,FUT1/2,27.474,27.589,27.59,27.551,0.0666858305789162,False,22.81833333333333,4.73266666666667,3.833309523809524,0.8993571428571463,0.5361255727197045
A010,DD,2-year,DD-2-year,PRKCD,25.436,25.447,25.581,25.488,0.0807279381626955,False,22.5435,2.944499999999998,3.7783333333333338,-0.8338333333333359,1.782415067236432
A010,DD,2-year,DD-2-year,NOTCH1,26.54,26.514,26.548,26.534,0.0177763888346307,False,22.5435,3.990500000000001,4.667041666666668,-0.676541666666667,1.5983038109732517
A010,DD,2-year,DD-2-year,GSN,24.062,25.041,24.519,24.540666666666667,0.4898595036674628,False,22.5435,1.997166666666665,2.78475,-0.7875833333333349,1.7261805046706802
A010,DD,2-year,DD-2-year,CCNG1,25.993,25.925,25.49,25.802666666666667,0.2729035238565703,False,22.5435,3.259166666666665,4.343083333333334,-1.0839166666666689,2.119783119783786
A010,DD,2-year,DD-2-year,CHST11,28.065,27.943,27.846,27.95133333333333,0.1097375657344988,False,22.5435,5.407833333333333,4.4579166666666685,0.949916666666664,0.5176623624077035
A010,DD,2-year,DD-2-year,ODC1,27.102,28.079,27.511,27.564,0.4906516075587649,False,22.5435,5.020499999999995,3.9957857142857134,1.0247142857142817,0.4915076288138196
A010,DD,2-year,DD-2-year,GALNT,28.374,28.584,28.417,28.45833333333333,0.1109339142612994,False,22.5435,5.9148333333333305,4.662041666666667,1.2527916666666634,0.4196354119078686
A010,DD,2-year,DD-2-year,FUT1/2,27.086,26.997,27.172,27.085,0.0875042856093349,False,22.5435,4.541499999999996,3.833309523809524,0.7081904761904716,0.6120873781716825
A011,DD,2-year,DD-2-year,NOTCH1,26.599,26.257,26.055,26.30366666666667,0.2749860602527579,False,22.8535,3.4501666666666715,4.667041666666668,-1.2168749999999964,2.324426810074922
A011,DD,2-year,DD-2-year,GSN,25.165,25.145,24.953,25.087666666666667,0.1170526946863391,False,22.8535,2.2341666666666704,2.78475,-0.5505833333333294,1.4646777979837384
A011,DD,2-year,DD-2-year,CCNG1,26.244,25.979,25.906,26.043,0.1778566838777788,False,22.8535,3.189499999999999,4.343083333333334,-1.1535833333333354,2.2246576420573945
A011,DD,2-year,DD-2-year,CHST11,28.242,27.284,27.898,27.808,0.4852999072738433,False,22.8535,4.9545,4.4579166666666685,0.4965833333333309,0.7087833733618061
A011,DD,2-year,DD-2-year,ODC1,27.464,27.234,27.342,27.346666666666664,0.1150709925799416,False,22.8535,4.493166666666667,3.9957857142857134,0.4973809523809538,0.7083916184494878
A011,DD,2-year,DD-2-year,GALNT,28.302,28.453,28.042,28.265666666666664,0.2078950055516795,False,22.8535,5.412166666666668,4.662041666666667,0.7501250000000006,0.5945520412607345
A011,DD,2-year,DD-2-year,FUT1/2,26.614,26.89,26.869,26.791,0.1536456963276222,False,22.8535,3.937500000000004,3.833309523809524,0.1041904761904795,0.9303268203727696
A012,DD,2-year,DD-2-year,PRKCD,25.531,25.225,25.683,25.479666666666663,0.2332752308611715,False,22.841500000000003,2.63816666666666,3.7783333333333338,-1.140166666666674,2.204064840601172
A012,DD,2-year,DD-2-year,NOTCH1,25.917,26.028,26.381,26.108666666666664,0.2422897714170641,False,22.841500000000003,3.267166666666661,4.667041666666668,-1.3998750000000069,2.6387871781541445
A012,DD,2-year,DD-2-year,GSN,24.372,24.307,24.257,24.312,0.0576628129733532,False,22.841500000000003,1.4704999999999977,2.78475,-1.314250000000002,2.4867302179837343
A012,DD,2-year,DD-2-year,CCNG1,26.007,25.922,25.985,25.97133333333333,0.0441172679722276,False,22.841500000000003,3.1298333333333304,4.343083333333334,-1.213250000000004,2.318593650662156
A012,DD,2-year,DD-2-year,CHST11,27.849,27.69,27.83,27.789666666666665,0.0868350927524877,False,22.841500000000003,4.948166666666662,4.4579166666666685,0.4902499999999934,0.7119017239411213
A012,DD,2-year,DD-2-year,ODC1,28.381,27.906,28.065,28.11733333333333,0.2417857178026311,False,22.841500000000003,5.275833333333331,3.9957857142857134,1.2800476190476178,0.4117819167202082
A012,DD,2-year,DD-2-year,FUT1/2,27.028,26.99,26.893,26.970333333333333,0.0696156112760146,False,22.841500000000003,4.128833333333329,3.833309523809524,0.2955238095238051,0.8147764520252516
A013,DD,2-year,DD-2-year,PRKCD,25.927,26.289,26.401,26.20566666666667,0.2477444920343004,False,22.857833333333332,3.347833333333334,3.7783333333333338,-0.4304999999999999,1.3477005733630223
A013,DD,2-year,DD-2-year,NOTCH1,26.537,26.624,26.689,26.616666666666664,0.0762648892566783,False,22.857833333333332,3.758833333333328,4.667041666666668,-0.9082083333333396,1.876713381474138
A013,DD,2-year,DD-2-year,GSN,25.103,25.219,25.069,25.130333333333336,0.0786468901695003,False,22.857833333333332,2.272500000000001,2.78475,-0.512249999999999,1.4262728502022994
A013,DD,2-year,DD-2-year,CCNG1,26.806,26.282,26.263,26.450333333333333,0.3081628357432696,False,22.857833333333332,3.5924999999999976,4.343083333333334,-0.7505833333333367,1.6824729771446083
A013,DD,2-year,DD-2-year,CHST11,27.481,27.717,27.813,27.67033333333333,0.1708488610829255,False,22.857833333333332,4.8124999999999964,4.4579166666666685,0.3545833333333279,0.7820954885481758
A013,DD,2-year,DD-2-year,ODC1,27.737,27.54,27.674,27.65033333333333,0.1006098073416964,False,22.857833333333332,4.792499999999997,3.9957857142857134,0.7967142857142835,0.5756587390134603
A013,DD,2-year,DD-2-year,GALNT,28.436,28.353,28.329,28.372666666666664,0.0561456439390739,False,22.857833333333332,5.514833333333328,4.662041666666667,0.8527916666666613,0.5537122456528755
A013,DD,2-year,DD-2-year,FUT1/2,27.098,27.359,26.97,27.14233333333333,0.1982532051022983,False,22.857833333333332,4.284499999999994,3.833309523809524,0.4511904761904701,0.7314390335190085
A014,DD,2-year,DD-2-year,NOTCH1,26.054,26.115,26.038,26.069,0.0406324993078193,False,22.74533333333333,3.3236666666666643,4.667041666666668,-1.3433750000000035,2.5374422707981057
A014,DD,2-year,DD-2-year,GSN,25.023,24.872,24.551,24.81533333333333,0.2410484045442609,False,22.74533333333333,2.0699999999999967,2.78475,-0.7147500000000031,1.6411987948990054
A014,DD,2-year,DD-2-year,CCNG1,26.041,25.643,25.78,25.82133333333333,0.2021938014216391,False,22.74533333333333,3.075999999999997,4.343083333333334,-1.2670833333333371,2.406745067030523
A014,DD,2-year,DD-2-year,ODC1,27.869,27.46,27.936,27.755,0.2576645105558771,False,22.74533333333333,5.009666666666664,3.9957857142857134,1.0138809523809509,0.4952122979720165
A014,DD,2-year,DD-2-year,GALNT,28.233,28.091,27.998,28.107333333333333,0.1183483558539503,False,22.74533333333333,5.361999999999998,4.662041666666667,0.6999583333333312,0.6155899853516705
A014,DD,2-year,DD-2-year,FUT1/2,27.258,27.206,27.329,27.264333333333337,0.0617440955341756,False,22.74533333333333,4.519000000000002,3.833309523809524,0.6856904761904778,0.6217082048768567
A015,DD,2-year,DD-2-year,PRKCD,26.535,26.326,25.688,26.183000000000003,0.4412357646428955,False,22.838,3.3450000000000024,3.7783333333333338,-0.4333333333333313,1.350349946168188
A015,DD,2-year,DD-2-year,NOTCH1,26.579,26.396,26.283,26.419333333333334,0.1493731345769152,False,22.838,3.581333333333337,4.667041666666668,-1.085708333333331,2.1224172898179607
A015,DD,2-year,DD-2-year,GSN,24.71,24.601,24.487,24.59933333333333,0.1115093419105933,False,22.838,1.761333333333333,2.78475,-1.0234166666666669,2.032727275877044
A015,DD,2-year,DD-2-year,CCNG1,25.719,26.233,26.374,26.108666666666664,0.3447467669657434,False,22.838,3.2706666666666635,4.343083333333334,-1.0724166666666708,2.102953087146122
A015,DD,2-year,DD-2-year,CHST11,27.412,27.654,27.568,27.544666666666668,0.1226757243032764,False,22.838,4.706666666666667,4.4579166666666685,0.2487499999999984,0.8416253122028773
A015,DD,2-year,DD-2-year,ODC1,27.552,27.67,27.719,27.647,0.0858428797280249,False,22.838,4.809000000000001,3.9957857142857134,0.8132142857142877,0.569112477107443
A015,DD,2-year,DD-2-year,GALNT,28.596,28.46,28.454,28.50333333333333,0.0803077414284157,False,22.838,5.665333333333329,4.662041666666667,1.0032916666666625,0.4988604957115478
A015,DD,2-year,DD-2-year,FUT1/2,26.975,27.047,26.899,26.97366666666667,0.074009008460682,False,22.838,4.135666666666669,3.833309523809524,0.302357142857145,0.8109263838213613
A016,DD,2-year,DD-2-year,PRKCD,25.73,25.72,25.866,25.772,0.0815597940164147,False,23.528666666666663,2.243333333333336,3.7783333333333338,-1.534999999999998,2.8978843091097537
A016,DD,2-year,DD-2-year,NOTCH1,26.368,26.408,26.225,26.33366666666667,0.0962098401065775,False,23.528666666666663,2.8050000000000037,4.667041666666668,-1.8620416666666648,3.6352174534750112
A016,DD,2-year,DD-2-year,GSN,24.222,24.324,24.604,24.383333333333336,0.1977911356288063,False,23.528666666666663,0.8546666666666702,2.78475,-1.9300833333333296,3.8107721046469214
A016,DD,2-year,DD-2-year,CCNG1,26.147,25.498,26.231,25.95866666666667,0.4011537527349494,False,23.528666666666663,2.4300000000000037,4.343083333333334,-1.913083333333331,3.766131392161805
A016,DD,2-year,DD-2-year,CHST11,27.951,27.06,27.322,27.444333333333333,0.4579239383711384,False,23.528666666666663,3.915666666666666,4.4579166666666685,-0.5422500000000019,1.45624187462351
A016,DD,2-year,DD-2-year,ODC1,27.801,27.886,27.805,27.830666666666666,0.0479617903474562,False,23.528666666666663,4.301999999999996,3.9957857142857134,0.3062142857142826,0.8087612128926237
A016,DD,2-year,DD-2-year,GALNT,28.309,28.35,28.326,28.328333333333337,0.0205993527406407,False,23.528666666666663,4.799666666666671,4.662041666666667,0.1376250000000034,0.9090143660223254
A016,DD,2-year,DD-2-year,FUT1/2,27.646,27.464,27.589,27.566333333333333,0.0930931433207274,False,23.528666666666663,4.0376666666666665,3.833309523809524,0.2043571428571424,0.8679253438599752
A017,GD,1-year,GD-1-year,PRKCD,26.276,26.184,26.226,26.22866666666667,0.046057934531775,False,22.74583333333333,3.482833333333339,3.7783333333333338,-0.2954999999999947,1.227310256876313
A017,GD,1-year,GD-1-year,NOTCH1,26.782,26.885,26.904,26.857,0.0656429737291055,False,22.74583333333333,4.111166666666669,4.667041666666668,-0.5558749999999986,1.4700599598813966
A017,GD,1-year,GD-1-year,GSN,25.453,25.3,25.473,25.408666666666665,0.0946379064293645,False,22.74583333333333,2.662833333333335,2.78475,-0.1219166666666646,1.0881795841378656
A017,GD,1-year,GD-1-year,CCNG1,26.625,27.325,27.472,27.140666666666664,0.4525884812203395,False,22.74583333333333,4.394833333333335,4.343083333333334,0.0517500000000001,0.9647653511956076
A017,GD,1-year,GD-1-year,CHST11,26.785,27.224,27.0,27.003,0.2195153753157168,False,22.74583333333333,4.25716666666667,4.4579166666666685,-0.2007499999999984,1.1492956730141288
A017,GD,1-year,GD-1-year,ODC1,26.417,26.532,26.537,26.49533333333333,0.0678847061813864,False,22.74583333333333,3.749500000000001,3.9957857142857134,-0.2462857142857122,1.1861493836091248
A017,GD,1-year,GD-1-year,GALNT,27.433,27.398,27.532,27.45433333333333,0.069500599517798,False,22.74583333333333,4.708500000000004,4.662041666666667,0.0464583333333372,0.9683105154088752
A017,GD,1-year,GD-1-year,FUT1/2,26.344,26.251,26.505,26.366666666666664,0.1285081060997049,False,22.74583333333333,3.6208333333333336,3.833309523809524,-0.2124761904761904,1.1586751871035532
A018,GD,1-year,GD-1-year,PRKCD,26.156,26.086,26.398,26.21333333333333,0.163711127701612,False,22.731,3.482333333333333,3.7783333333333338,-0.2960000000000007,1.227735683915061
A018,GD,1-year,GD-1-year,NOTCH1,26.949,27.132,27.401,27.160666666666668,0.2273594804122601,False,22.731,4.429666666666666,4.667041666666668,-0.2373750000000019,1.1788457856037668
A018,GD,1-year,GD-1-year,GSN,25.219,25.496,25.241,25.31866666666667,0.1539686115197932,False,22.731,2.5876666666666672,2.78475,-0.1970833333333326,1.1463784012290357
A018,GD,1-year,GD-1-year,CCNG1,26.626,26.982,26.71,26.77266666666667,0.1860895841613198,False,22.731,4.041666666666668,4.343083333333334,-0.3014166666666664,1.2323539398286796
A018,GD,1-year,GD-1-year,CHST11,27.307,27.152,27.011,27.156666666666663,0.1480551698973502,False,22.731,4.425666666666665,4.4579166666666685,-0.0322500000000038,1.022605719325043
A018,GD,1-year,GD-1-year,ODC1,26.39,26.89,27.214,26.831333333333333,0.4151208659334442,False,22.731,4.100333333333332,3.9957857142857134,0.1045476190476182,0.9300965440864978
A018,GD,1-year,GD-1-year,GALNT,27.319,27.66,27.24,27.406333333333333,0.2232046893175269,False,22.731,4.675333333333331,4.662041666666667,0.0132916666666638,0.9908292291222744
A018,GD,1-year,GD-1-year,FUT1/2,26.31,26.447,26.627,26.46133333333333,0.1589853242703028,False,22.731,3.7303333333333306,3.833309523809524,-0.1029761904761934,1.073986746928972
A019,GD,1-year,GD-1-year,PRKCD,26.483,26.401,26.52,26.468,0.0609015599143404,False,22.032,4.436,3.7783333333333338,0.6576666666666662,0.6339027067231278
A019,GD,1-year,GD-1-year,NOTCH1,27.464,27.39,27.636,27.496666666666663,0.1262114627652069,False,22.032,5.464666666666666,4.667041666666668,0.7976249999999983,0.575295463903238
A019,GD,1-year,GD-1-year,GSN,25.125,25.342,25.372,25.279666666666667,0.1347825409069485,False,22.032,3.247666666666668,2.78475,0.4629166666666675,0.7255180102703795
A019,GD,1-year,GD-1-year,CCNG1,27.043,27.223,27.628,27.298,0.2996247653315732,False,22.032,5.266000000000002,4.343083333333334,0.9229166666666676,0.5274416238770234
A019,GD,1-year,GD-1-year,CHST11,27.168,27.497,27.283,27.316000000000003,0.1669640679906908,False,22.032,5.2840000000000025,4.4579166666666685,0.826083333333334,0.5640584864914541
A019,GD,1-year,GD-1-year,ODC1,26.747,26.716,26.605,26.68933333333333,0.0746614581516683,False,22.032,4.657333333333334,3.9957857142857134,0.6615476190476204,0.6321997548655197
A019,GD,1-year,GD-1-year,GALNT,27.457,27.235,27.582,27.424666666666667,0.1757450805380724,False,22.032,5.392666666666667,4.662041666666667,0.7306249999999999,0.6026427821952787
A019,GD,1-year,GD-1-year,FUT1/2,26.803,26.624,26.277,26.568,0.267434104033124,False,22.032,4.536000000000001,3.833309523809524,0.7026904761904773,0.6144252983000755
A020,GD,1-year,GD-1-year,NOTCH1,27.433,27.398,27.498,27.443,0.0507444578254618,False,22.860166666666665,4.582833333333337,4.667041666666668,-0.084208333333331,1.060105857633436
A020,GD,1-year,GD-1-year,GSN,25.039,25.13,25.307,25.158666666666665,0.136280348302068,False,22.860166666666665,2.2985000000000007,2.78475,-0.4862499999999992,1.4007990398328505
A020,GD,1-year,GD-1-year,CCNG1,26.978,27.198,27.3,27.158666666666665,0.1645640706027083,False,22.860166666666665,4.298500000000001,4.343083333333334,-0.0445833333333336,1.0313852605383511
A020,GD,1-year,GD-1-year,CHST11,26.906,27.1,27.096,27.034,0.1108692924122827,False,22.860166666666665,4.173833333333338,4.4579166666666685,-0.2840833333333306,1.2176363500652967
A020,GD,1-year,GD-1-year,GALNT,27.05,27.032,26.973,27.01833333333333,0.0402781992315123,False,22.860166666666665,4.15816666666667,4.662041666666667,-0.5038749999999972,1.4180171685314251
A020,GD,1-year,GD-1-year,FUT1/2,26.467,26.52,26.63,26.539,0.0831444526111033,False,22.860166666666665,3.678833333333333,3.833309523809524,-0.1544761904761906,1.113017433722007
A021,GD,1-year,GD-1-year,PRKCD,26.643,26.534,26.691,26.622666666666664,0.080450813130343,False,22.754833333333337,3.8678333333333264,3.7783333333333338,0.0894999999999925,0.9398484194174476
A021,GD,1-year,GD-1-year,NOTCH1,28.005,27.073,27.483,27.520333333333337,0.4671202557514849,False,22.754833333333337,4.765499999999999,4.667041666666668,0.0984583333333315,0.934030565277136
A021,GD,1-year,GD-1-year,GSN,25.548,25.227,25.473,25.416,0.1679196236298773,False,22.754833333333337,2.66116666666666,2.78475,-0.1235833333333404,1.0894374249064458
A021,GD,1-year,GD-1-year,CCNG1,26.912,26.713,27.031,26.88533333333333,0.1606683955646939,False,22.754833333333337,4.130499999999998,4.343083333333334,-0.2125833333333364,1.158761240203108
A021,GD,1-year,GD-1-year,CHST11,26.947,26.846,27.375,27.056,0.2808398119925309,False,22.754833333333337,4.301166666666664,4.4579166666666685,-0.156750000000005,1.1147730265442792
A021,GD,1-year,GD-1-year,ODC1,27.106,26.887,26.737,26.91,0.185572088418492,False,22.754833333333337,4.155166666666663,3.9957857142857134,0.1593809523809493,0.8954092006381539
A021,GD,1-year,GD-1-year,GALNT,27.595,27.484,27.381,27.486666666666668,0.1070249192166627,False,22.754833333333337,4.731833333333331,4.662041666666667,0.0697916666666635,0.9527755742984368
A022,GD,1-year,GD-1-year,NOTCH1,27.298,27.455,27.394,27.38233333333333,0.0791475415495221,False,22.711166666666667,4.6711666666666645,4.667041666666668,0.0041249999999966,0.9971448515913302
A022,GD,1-year,GD-1-year,GSN,25.736,25.681,25.749,25.722,0.0360970912955592,False,22.711166666666667,3.0108333333333306,2.78475,0.2260833333333307,0.8549527924558805
A022,GD,1-year,GD-1-year,CCNG1,26.992,26.95,27.126,27.022666666666662,0.0919202552941052,False,22.711166666666667,4.311499999999999,4.343083333333334,-0.0315833333333355,1.0221332843083322
A022,GD,1-year,GD-1-year,CHST11,27.377,27.337,27.673,27.462333333333333,0.1835356459474101,False,22.711166666666667,4.751166666666666,4.4579166666666685,0.2932499999999978,0.8160616211947445
A022,GD,1-year,GD-1-year,ODC1,26.855,26.377,26.536,26.58933333333333,0.2434221299170098,False,22.711166666666667,3.878166666666665,3.9957857142857134,-0.1176190476190481,1.0849428483109471
A022,GD,1-year,GD-1-year,GALNT,27.35,27.268,26.98,27.19933333333333,0.194322755572613,False,22.711166666666667,4.488166666666665,4.662041666666667,-0.1738750000000024,1.1280843921575998
A022,GD,1-year,GD-1-year,FUT1/2,26.379,26.332,26.454,26.38833333333333,0.0615331888766811,False,22.711166666666667,3.6771666666666647,3.833309523809524,-0.1561428571428593,1.1143039848801777
A023,GD,1-year,GD-1-year,PRKCD,26.046,26.362,26.415,26.27433333333333,0.1995102336556529,False,22.50933333333333,3.765000000000004,3.7783333333333338,-0.0133333333333296,1.0092848012118716
A023,GD,1-year,GD-1-year,NOTCH1,27.089,27.384,27.072,27.18166666666667,0.1754318481158242,False,22.50933333333333,4.672333333333338,4.667041666666668,0.00529166666667,0.9963388147119568
A023,GD,1-year,GD-1-year,GSN,25.702,25.487,25.825,25.671333333333333,0.1710740580372535,False,22.50933333333333,3.1620000000000026,2.78475,0.3772500000000027,0.7699037485227991
A023,GD,1-year,GD-1-year,CCNG1,26.987,26.811,26.882,26.89333333333333,0.0885456567728376,False,22.50933333333333,4.384000000000004,4.343083333333334,0.0409166666666696,0.972037133426327
A023,GD,1-year,GD-1-year,CHST11,26.763,26.872,26.957,26.864000000000004,0.0972471079261481,False,22.50933333333333,4.354666666666674,4.4579166666666685,-0.1032499999999947,1.0741905985391764
A023,GD,1-year,GD-1-year,ODC1,26.401,26.221,26.36,26.32733333333333,0.0943415779671576,False,22.50933333333333,3.8180000000000014,3.9957857142857134,-0.177785714285712,1.131146439446684
A023,GD,1-year,GD-1-year,GALNT,27.165,27.284,27.246,27.231666666666666,0.0607810277416671,False,22.50933333333333,4.722333333333335,4.662041666666667,0.0602916666666679,0.9590702064883164
A023,GD,1-year,GD-1-year,FUT1/2,26.393,26.345,26.375,26.371,0.0242487113059652,False,22.50933333333333,3.861666666666668,3.833309523809524,0.028357142857144,0.9805362396806226
A024,GD,1-year,GD-1-year,PRKCD,26.402,26.299,26.367,26.356,0.0523736575006948,False,22.72,3.6359999999999992,3.7783333333333338,-0.1423333333333345,1.1036887168255138
A024,GD,1-year,GD-1-year,NOTCH1,27.597,27.066,27.414,27.359,0.2697387625092113,False,22.72,4.638999999999999,4.667041666666668,-0.0280416666666685,1.0196271305592324
A024,GD,1-year,GD-1-year,GSN,25.336,25.581,25.185,25.36733333333333,0.1998507776650706,False,22.72,2.647333333333336,2.78475,-0.137416666666664,1.099933776776877
A024,GD,1-year,GD-1-year,CCNG1,26.496,26.794,26.623,26.637666666666664,0.1495404070254377,False,22.72,3.9176666666666655,4.343083333333334,-0.4254166666666688,1.3429603089227224
A024,GD,1-year,GD-1-year,CHST11,26.819,26.749,26.939,26.83566666666667,0.0960902353693311,False,22.72,4.1156666666666695,4.4579166666666685,-0.342249999999999,1.2677321842488978
A024,GD,1-year,GD-1-year,ODC1,26.225,26.462,26.309,26.332,0.1201623901226993,False,22.72,3.6119999999999983,3.9957857142857134,-0.383785714285715,1.3047611351166513
A024,GD,1-year,GD-1-year,GALNT,27.043,27.263,27.112,27.13933333333333,0.1125181466845844,False,22.72,4.419333333333331,4.662041666666667,-0.2427083333333364,1.183211790095314
A024,GD,1-year,GD-1-year,FUT1/2,26.538,26.414,26.393,26.44833333333333,0.0783602790534417,False,22.72,3.7283333333333353,3.833309523809524,-0.1049761904761887,1.0754766411775434
A025,GD,2-year,GD-2-year,PRKCD,25.994,25.764,26.25,26.002666666666663,0.2431158845763343,False,22.632166666666663,3.3705000000000034,3.7783333333333338,-0.4078333333333304,1.3266918662894265
A025,GD,2-year,GD-2-year,NOTCH1,27.471,27.068,26.748,27.09566666666667,0.3622931593797113,False,22.632166666666663,4.463500000000007,4.667041666666668,-0.2035416666666609,1.151521754456185
A025,GD,2-year,GD-2-year,GSN,24.902,24.908,24.959,24.923,0.0313209195267307,False,22.632166666666663,2.290833333333339,2.78475,-0.493916666666661,1.4082628801089738
A025,GD,2-year,GD-2-year,CCNG1,26.222,26.051,26.488,26.253666666666664,0.2202142895757074,False,22.632166666666663,3.621500000000001,4.343083333333334,-0.7215833333333332,1.6489907812279232
A025,GD,2-year,GD-2-year,CHST11,27.621,27.7,27.918,27.746333333333336,0.1538256588912701,False,22.632166666666663,5.114166666666673,4.4579166666666685,0.6562500000000044,0.6345254785958646
A025,GD,2-year,GD-2-year,ODC1,26.101,26.712,27.065,26.626,0.4877202066759188,False,22.632166666666663,3.993833333333338,3.9957857142857134,-0.0019523809523751,1.001354203459052
A025,GD,2-year,GD-2-year,GALNT,28.074,28.363,28.003,28.146666666666665,0.1906838570339217,False,22.632166666666663,5.514500000000002,4.662041666666667,0.8524583333333347,0.5538401951275785
A025,GD,2-year,GD-2-year,FUT1/2,27.38,26.911,27.227,27.172666666666668,0.2391742739788976,False,22.632166666666663,4.540500000000005,3.833309523809524,0.707190476190481,0.6125117918857066
A026,GD,2-year,GD-2-year,PRKCD,26.347,26.165,26.194,26.235333333333333,0.0977871838910068,False,22.611666666666668,3.623666666666665,3.7783333333333338,-0.1546666666666687,1.113164392927181
A026,GD,2-year,GD-2-year,NOTCH1,27.373,27.228,26.881,27.160666666666668,0.2528167979651146,False,22.611666666666668,4.549,4.667041666666668,-0.1180416666666683,1.0852607149877258
A026,GD,2-year,GD-2-year,GSN,25.217,25.402,25.005,25.208,0.198652963733241,False,22.611666666666668,2.5963333333333303,2.78475,-0.1884166666666695,1.139512433798322
A026,GD,2-year,GD-2-year,CCNG1,26.458,26.374,26.27,26.36733333333333,0.0941771380608543,False,22.611666666666668,3.755666666666663,4.343083333333334,-0.5874166666666714,1.5025538188411247
A026,GD,2-year,GD-2-year,CHST11,27.216,27.115,27.214,27.18166666666667,0.0577436865235796,False,22.611666666666668,4.57,4.4579166666666685,0.1120833333333317,0.925250981901832
A026,GD,2-year,GD-2-year,ODC1,27.201,26.656,27.249,27.03533333333333,0.329387816006199,False,22.611666666666668,4.423666666666662,3.9957857142857134,0.4278809523809488,0.7433528293178535
A026,GD,2-year,GD-2-year,GALNT,27.987,27.904,27.726,27.87233333333333,0.1333504155724056,False,22.611666666666668,5.260666666666662,4.662041666666667,0.5986249999999949,0.6603830516943616
A027,GD,2-year,GD-2-year,PRKCD,26.676,26.757,26.589,26.674,0.0840178552451812,False,23.050166666666662,3.62383333333333,3.7783333333333338,-0.1545000000000036,1.1130358025615863
A027,GD,2-year,GD-2-year,NOTCH1,27.222,27.521,27.736,27.493,0.2581414341015402,False,23.050166666666662,4.442833333333333,4.667041666666668,-0.2242083333333351,1.1681360678970485
A027,GD,2-year,GD-2-year,GSN,24.929,24.909,24.941,24.92633333333333,0.0161658075373095,False,23.050166666666662,1.8761666666666663,2.78475,-0.9085833333333336,1.877201259349386
A027,GD,2-year,GD-2-year,CCNG1,26.706,26.547,26.742,26.665000000000003,0.103764155660806,False,23.050166666666662,3.614833333333337,4.343083333333334,-0.7282499999999974,1.6566283696185562
A027,GD,2-year,GD-2-year,CHST11,27.577,27.868,27.57,27.671666666666667,0.1700656735891545,False,23.050166666666662,4.621500000000001,4.4579166666666685,0.1635833333333325,0.8928047863747809
A027,GD,2-year,GD-2-year,ODC1,27.641,27.726,27.925,27.764,0.1457635070928261,False,23.050166666666662,4.7138333333333335,3.9957857142857134,0.7180476190476202,0.607919575653731
A027,GD,2-year,GD-2-year,GALNT,27.969,27.375,27.826,27.723333333333333,0.3100231174176108,False,23.050166666666662,4.673166666666667,4.662041666666667,0.0111249999999998,0.9923183931239538
A027,GD,2-year,GD-2-year,FUT1/2,26.477,26.517,27.031,26.675,0.3089530708699941,False,23.050166666666662,3.624833333333335,3.833309523809524,-0.2084761904761891,1.1554671067458684
A029,GD,2-year,GD-2-year,PRKCD,26.46,26.46,26.507,26.47566666666667,0.0271354626519127,False,22.77733333333333,3.6983333333333377,3.7783333333333338,-0.079999999999996,1.0570180405613776
A029,GD,2-year,GD-2-year,NOTCH1,27.138,26.957,27.033,27.042666666666666,0.0908863759500477,False,22.77733333333333,4.265333333333334,4.667041666666668,-0.4017083333333335,1.3210713004120185
A029,GD,2-year,GD-2-year,GSN,24.955,25.492,25.024,25.157,0.2921626259465787,False,22.77733333333333,2.379666666666669,2.78475,-0.405083333333331,1.3241653949789227
A029,GD,2-year,GD-2-year,CCNG1,26.319,26.616,26.878,26.604333333333333,0.2796825581500098,False,22.77733333333333,3.8270000000000017,4.343083333333334,-0.5160833333333326,1.4300675879190885
A029,GD,2-year,GD-2-year,CHST11,28.018,28.084,28.054,28.052000000000003,0.033045423283716,False,22.77733333333333,5.274666666666672,4.4579166666666685,0.8167500000000034,0.567719420828669
A029,GD,2-year,GD-2-year,ODC1,27.266,27.611,27.16,27.345666666666663,0.2358184329804047,False,22.77733333333333,4.568333333333332,3.9957857142857134,0.5725476190476182,0.6724283150700299
A029,GD,2-year,GD-2-year,GALNT,28.15,28.128,28.029,28.10233333333333,0.064454118047905,False,22.77733333333333,5.325000000000003,4.662041666666667,0.6629583333333358,0.6315818714592225
A029,GD,2-year,GD-2-year,FUT1/2,26.947,26.895,26.933,26.925,0.0269072480941472,False,22.77733333333333,4.1476666666666695,3.833309523809524,0.3143571428571454,0.8042092622327465
A030,GD,2-year,GD-2-year,PRKCD,26.439,26.463,26.26,26.38733333333333,0.1109248995191485,False,22.636333333333333,3.751000000000001,3.7783333333333338,-0.0273333333333325,1.0191266376683024
A030,GD,2-year,GD-2-year,NOTCH1,27.286,27.447,26.989,27.24066666666667,0.2323409850485553,False,22.636333333333333,4.6043333333333365,4.667041666666668,-0.0627083333333313,1.0444245923635591
A030,GD,2-year,GD-2-year,GSN,24.779,25.07,24.867,24.90533333333333,0.149239181629133,False,22.636333333333333,2.269000000000002,2.78475,-0.5157499999999979,1.4297372103150825
A030,GD,2-year,GD-2-year,CCNG1,25.788,25.965,26.096,25.94966666666667,0.154571450576532,False,22.636333333333333,3.313333333333336,4.343083333333334,-1.0297499999999982,2.0416704262337597
A030,GD,2-year,GD-2-year,CHST11,27.686,27.118,26.903,27.235666666666663,0.4045445999310013,False,22.636333333333333,4.59933333333333,4.4579166666666685,0.1414166666666618,0.9066284465545243
A030,GD,2-year,GD-2-year,ODC1,27.337,27.534,27.426,27.43233333333333,0.0986525890858078,False,22.636333333333333,4.795999999999999,3.9957857142857134,0.800214285714286,0.5742638748666598
A030,GD,2-year,GD-2-year,GALNT,27.416,27.852,27.386,27.55133333333333,0.2608166661341516,False,22.636333333333333,4.914999999999999,4.662041666666667,0.252958333333332,0.8391738730483975
A030,GD,2-year,GD-2-year,FUT1/2,26.754,26.798,26.632,26.728,0.0859999999999986,False,22.636333333333333,4.091666666666665,3.833309523809524,0.2583571428571409,0.8360394105946488
A031,GD,2-year,GD-2-year,PRKCD,26.037,26.282,26.303,26.20733333333333,0.1478862175232485,False,23.69,2.517333333333333,3.7783333333333338,-1.2610000000000006,2.3966180426788384
A031,GD,2-year,GD-2-year,NOTCH1,26.943,27.226,26.276,26.815,0.4877632622492185,False,23.69,3.1249999999999964,4.667041666666668,-1.5420416666666714,2.9120632004668985
A031,GD,2-year,GD-2-year,GSN,24.643,24.609,24.724,24.658666666666665,0.0590790430976437,False,23.69,0.968666666666664,2.78475,-1.816083333333336,3.52123944314446
A031,GD,2-year,GD-2-year,CCNG1,26.529,26.401,26.432,26.454,0.0667757440991864,False,23.69,2.763999999999996,4.343083333333334,-1.5790833333333385,2.987799491306549
A031,GD,2-year,GD-2-year,CHST11,27.286,27.268,27.366,27.30666666666667,0.0521664004253049,False,23.69,3.616666666666667,4.4579166666666685,-0.8412500000000014,1.7916017742134849
A031,GD,2-year,GD-2-year,ODC1,27.251,26.93,27.324,27.168333333333333,0.2096051844142547,False,23.69,3.478333333333332,3.9957857142857134,-0.5174523809523817,1.431425296795786
A031,GD,2-year,GD-2-year,GALNT,28.383,28.407,28.421,28.403666666666663,0.0192180470738662,False,23.69,4.713666666666665,4.662041666666667,0.0516249999999978,0.9648489453648836
A031,GD,2-year,GD-2-year,FUT1/2,27.079,27.372,27.031,27.160666666666668,0.1845869262253787,False,23.69,3.4706666666666663,3.833309523809524,-0.3626428571428577,1.2857791461046384
A033,GG,1-year,GG-1-year,PRKCD,25.504,25.129,25.46,25.36433333333333,0.2049886175701794,False,23.027166666666663,2.3371666666666684,3.7783333333333338,-1.4411666666666654,2.7154036373701538
A033,GG,1-year,GG-1-year,NOTCH1,25.595,25.617,25.742,25.651333333333337,0.0792864006834302,False,23.027166666666663,2.624166666666671,4.667041666666668,-2.042874999999997,4.120658771136631
A033,GG,1-year,GG-1-year,GSN,24.871,24.89,24.788,24.849666666666664,0.0542432791535809,False,23.027166666666663,1.822499999999998,2.78475,-0.9622500000000018,1.9483461304921763
A033,GG,1-year,GG-1-year,CCNG1,25.62,26.141,25.748,25.83633333333333,0.2715001534683405,False,23.027166666666663,2.809166666666666,4.343083333333334,-1.533916666666668,2.895709077213075
A033,GG,1-year,GG-1-year,CHST11,28.049,28.396,28.244,28.229666666666663,0.1739434774095699,False,23.027166666666663,5.202499999999997,4.4579166666666685,0.7445833333333285,0.5968402208415802
A033,GG,1-year,GG-1-year,ODC1,28.033,27.987,27.77,27.93,0.1404599587070995,False,23.027166666666663,4.90283333333333,3.9957857142857134,0.9070476190476168,0.533275288303362
A033,GG,1-year,GG-1-year,GALNT,28.501,28.745,28.777,28.674333333333333,0.1509613637104981,False,23.027166666666663,5.647166666666667,4.662041666666667,0.985125,0.5051819506665101
A033,GG,1-year,GG-1-year,FUT1/2,27.349,27.52,27.352,27.407,0.0978723658649361,False,23.027166666666663,4.379833333333334,3.833309523809524,0.5465238095238099,0.6846678576326575
A034,GG,1-year,GG-1-year,PRKCD,25.503,25.436,25.55,25.496333333333336,0.0572916515151498,False,22.569333333333333,2.927000000000003,3.7783333333333338,-0.8513333333333306,1.8041675598307811
A034,GG,1-year,GG-1-year,NOTCH1,25.936,25.574,25.91,25.80666666666667,0.2019141731858686,False,22.569333333333333,3.237333333333336,4.667041666666668,-1.4297083333333322,2.693922473950998
A034,GG,1-year,GG-1-year,GSN,24.507,24.789,24.254,24.51666666666667,0.2676309648253231,False,22.569333333333333,1.9473333333333365,2.78475,-0.8374166666666634,1.7868476920403653
A034,GG,1-year,GG-1-year,CCNG1,26.027,25.876,25.91,25.93766666666667,0.0792106895143158,False,22.569333333333333,3.368333333333336,4.343083333333334,-0.9747499999999985,1.9653006069378012
A034,GG,1-year,GG-1-year,CHST11,27.541,27.544,27.763,27.616,0.1273145710435383,False,22.569333333333333,5.046666666666667,4.4579166666666685,0.5887499999999983,0.6649187657501856
A034,GG,1-year,GG-1-year,ODC1,27.936,28.064,27.946,27.982,0.0711898869222304,False,22.569333333333333,5.4126666666666665,3.9957857142857134,1.4168809523809531,0.3745211368869602
A034,GG,1-year,GG-1-year,GALNT,28.461,28.403,28.515,28.459666666666664,0.0560119034967875,False,22.569333333333333,5.890333333333331,4.662041666666667,1.2282916666666637,0.4268225586403569
A034,GG,1-year,GG-1-year,FUT1/2,27.218,27.095,27.202,27.171666666666667,0.0668755062286146,False,22.569333333333333,4.602333333333334,3.833309523809524,0.76902380952381,0.5868144045667131
A035,GG,1-year,GG-1-year,PRKCD,24.907,25.515,25.494,25.305333333333333,0.345126546839465,False,22.80316666666667,2.502166666666664,3.7783333333333338,-1.2761666666666698,2.421945945907503
A035,GG,1-year,GG-1-year,NOTCH1,25.532,26.029,25.595,25.718666666666667,0.270596255209368,False,22.80316666666667,2.915499999999998,4.667041666666668,-1.75154166666667,3.3671819161947
A035,GG,1-year,GG-1-year,GSN,24.718,24.986,24.795,24.833,0.1379818828687304,False,22.80316666666667,2.029833333333329,2.78475,-0.7549166666666709,1.6875341136520272
A035,GG,1-year,GG-1-year,CCNG1,25.79,25.881,25.984,25.885,0.0970618359603827,False,22.80316666666667,3.081833333333332,4.343083333333334,-1.2612500000000022,2.397033380923909
A035,GG,1-year,GG-1-year,CHST11,28.336,27.887,28.225,28.14933333333333,0.2338681964982264,False,22.80316666666667,5.346166666666665,4.4579166666666685,0.8882499999999967,0.5402690714116257
A035,GG,1-year,GG-1-year,ODC1,27.918,27.852,27.903,27.891,0.0345976877840116,False,22.80316666666667,5.087833333333332,3.9957857142857134,1.092047619047619,0.4690951145683221
A035,GG,1-year,GG-1-year,GALNT,28.318,27.906,28.0,28.07466666666667,0.2159104752746699,False,22.80316666666667,5.2715,4.662041666666667,0.6094583333333325,0.6554427448113772
A035,GG,1-year,GG-1-year,FUT1/2,27.677,27.635,27.84,27.71733333333333,0.1082881957248028,False,22.80316666666667,4.914166666666663,3.833309523809524,1.080857142857139,0.4727478680365996
A036,GG,1-year,GG-1-year,NOTCH1,25.98,25.946,25.567,25.831,0.2292618590171513,False,22.59283333333333,3.238166666666668,4.667041666666668,-1.4288749999999997,2.6923668526357503
A036,GG,1-year,GG-1-year,GSN,24.822,23.918,24.622,24.454,0.4748389200560545,False,22.59283333333333,1.8611666666666655,2.78475,-0.923583333333334,1.8968207278563625
A036,GG,1-year,GG-1-year,CCNG1,25.962,25.912,25.936,25.936666666666667,0.025006665778015,False,22.59283333333333,3.343833333333336,4.343083333333334,-0.9992499999999982,1.9989605494371523
A036,GG,1-year,GG-1-year,CHST11,28.227,28.007,28.221,28.151666666666667,0.1253209213712265,False,22.59283333333333,5.558833333333336,4.4579166666666685,1.1009166666666674,0.4662201723738308
A036,GG,1-year,GG-1-year,ODC1,27.576,27.463,27.96,27.66633333333333,0.2605231915460375,False,22.59283333333333,5.073499999999999,3.9957857142857134,1.0777142857142858,0.4737788541455631
A036,GG,1-year,GG-1-year,FUT1/2,27.547,27.42,27.614,27.527,0.0985342580019756,False,22.59283333333333,4.93416666666667,3.833309523809524,1.1008571428571456,0.4662394084372031
A037,GG,1-year,GG-1-year,PRKCD,25.468,25.533,25.493,25.498,0.0327871926215107,False,22.6935,2.804500000000001,3.7783333333333338,-0.9738333333333328,1.9640522812033732
A037,GG,1-year,GG-1-year,NOTCH1,25.864,25.795,25.871,25.843333333333334,0.0420039680665199,False,22.6935,3.149833333333333,4.667041666666668,-1.5172083333333344,2.862366352112536
A037,GG,1-year,GG-1-year,GSN,24.246,24.506,24.32,24.357333333333333,0.1339601930923269,False,22.6935,1.6638333333333328,2.78475,-1.120916666666667,2.174851153752744
A037,GG,1-year,GG-1-year,CCNG1,26.441,26.397,26.553,26.463666666666665,0.0804321660365648,False,22.6935,3.7701666666666647,4.343083333333334,-0.5729166666666696,1.487527836975724
A037,GG,1-year,GG-1-year,CHST11,28.485,28.583,28.646,28.57133333333333,0.0811315803699978,False,22.6935,5.877833333333332,4.4579166666666685,1.419916666666663,0.3737338992518154
A037,GG,1-year,GG-1-year,ODC1,27.973,28.062,28.093,28.042666666666666,0.0622923216242052,False,22.6935,5.349166666666665,3.9957857142857134,1.353380952380952,0.3913737898583075
A037,GG,1-year,GG-1-year,GALNT,28.996,29.089,28.758,28.947666666666663,0.1707112571956906,False,22.6935,6.254166666666663,4.662041666666667,1.5921249999999958,0.331682545801589
A037,GG,1-year,GG-1-year,FUT1/2,27.71,27.791,27.61,27.703666666666667,0.0906660539194985,False,22.6935,5.010166666666667,3.833309523809524,1.1768571428571426,0.4423140138847393
A038,GG,1-year,GG-1-year,PRKCD,25.539,25.633,25.431,25.534333333333333,0.1010808257452082,False,22.901333333333334,2.632999999999999,3.7783333333333338,-1.1453333333333346,2.211972321729583
A038,GG,1-year,GG-1-year,NOTCH1,26.024,26.421,25.984,26.143,0.2415843537980045,False,22.901333333333334,3.241666666666667,4.667041666666668,-1.4253750000000007,2.68584304653631
A038,GG,1-year,GG-1-year,GSN,24.378,24.19,24.291,24.28633333333333,0.0940868393205618,False,22.901333333333334,1.384999999999998,2.78475,-1.3997500000000018,2.638558554572061
A038,GG,1-year,GG-1-year,CCNG1,26.208,26.088,26.323,26.206333333333333,0.1175088649138151,False,22.901333333333334,3.305,4.343083333333334,-1.0380833333333346,2.053497702692915
A038,GG,1-year,GG-1-year,CHST11,28.786,28.531,28.688,28.668333333333333,0.1286325516085786,False,22.901333333333334,5.767,4.4579166666666685,1.309083333333331,0.4035772250444668
A038,GG,1-year,GG-1-year,ODC1,27.969,27.384,27.597,27.65,0.2960793812476651,False,22.901333333333334,4.748666666666669,3.9957857142857134,0.7528809523809552,0.59341736413809
A038,GG,1-year,GG-1-year,GALNT,28.666,28.44,28.736,28.614,0.1546997091141411,False,22.901333333333334,5.712666666666667,4.662041666666667,1.050625,0.482758979763441
A038,GG,1-year,GG-1-year,FUT1/2,27.77,27.608,27.78,27.71933333333333,0.0965470524321344,False,22.901333333333334,4.818000000000001,3.833309523809524,0.9846904761904772,0.5053341288055734
A039,GG,1-year,GG-1-year,PRKCD,25.611,25.268,25.301,25.39333333333333,0.1892256148974909,False,22.587333333333333,2.806000000000001,3.7783333333333338,-0.9723333333333328,1.9620112764729605
A039,GG,1-year,GG-1-year,NOTCH1,25.868,26.172,26.068,26.036,0.1545056633266249,False,22.587333333333333,3.448666666666668,4.667041666666668,-1.218375,2.3268448217202997
A039,GG,1-year,GG-1-year,GSN,25.055,24.183,24.684,24.640666666666664,0.4376120808813821,False,22.587333333333333,2.053333333333331,2.78475,-0.7314166666666688,1.6602686063199203
A039,GG,1-year,GG-1-year,CCNG1,25.848,26.486,25.806,26.046666666666667,0.3810529272074072,False,22.587333333333333,3.4593333333333334,4.343083333333334,-0.8837500000000009,1.845165214835815
A039,GG,1-year,GG-1-year,CHST11,28.41,28.352,28.19,28.31733333333333,0.1140233894134584,False,22.587333333333333,5.73,4.4579166666666685,1.272083333333332,0.4140614128514315
A039,GG,1-year,GG-1-year,ODC1,27.719,27.858,28.248,27.941666666666663,0.2742450242635832,False,22.587333333333333,5.354333333333333,3.9957857142857134,1.3585476190476196,0.3899746851646991
A039,GG,1-year,GG-1-year,GALNT,28.22,28.394,28.004,28.206,0.1953765594947341,False,22.587333333333333,5.618666666666666,4.662041666666667,0.956624999999999,0.5152608912678414
A039,GG,1-year,GG-1-year,FUT1/2,27.321,27.09,27.335,27.24866666666667,0.137587547886186,False,22.587333333333333,4.661333333333335,3.833309523809524,0.828023809523811,0.5633003177427113
A040,GG,1-year,GG-1-year,PRKCD,25.472,25.495,25.667,25.544666666666668,0.1065660984240925,False,23.022666666666662,2.522000000000002,3.7783333333333338,-1.2563333333333315,2.388878258467064
A040,GG,1-year,GG-1-year,NOTCH1,25.494,26.002,25.754,25.75,0.2540236209489184,False,23.022666666666662,2.727333333333334,4.667041666666668,-1.9397083333333336,3.836280825953271
A040,GG,1-year,GG-1-year,GSN,24.328,24.281,24.493,24.36733333333333,0.1113388222199843,False,23.022666666666662,1.3446666666666651,2.78475,-1.4400833333333347,2.713365380499167
A040,GG,1-year,GG-1-year,CCNG1,25.735,25.778,25.777,25.76333333333333,0.0245424801789335,False,23.022666666666662,2.740666666666666,4.343083333333334,-1.6024166666666684,3.0365153593444445
A040,GG,1-year,GG-1-year,CHST11,28.117,28.21,28.263,28.19666666666667,0.073907599970053,False,23.022666666666662,5.174000000000003,4.4579166666666685,0.7160833333333345,0.6087478456615281
A040,GG,1-year,GG-1-year,ODC1,28.172,27.942,27.923,28.01233333333333,0.1386013467948041,False,23.022666666666662,4.989666666666668,3.9957857142857134,0.9938809523809548,0.5021252040373294
A040,GG,1-year,GG-1-year,GALNT,28.374,28.401,28.29,28.355,0.0578878225536254,False,23.022666666666662,5.332333333333335,4.662041666666667,0.6702916666666674,0.6283796362096844
A040,GG,1-year,GG-1-year,FUT1/2,27.633,27.556,27.558,27.58233333333333,0.0438900140502742,False,23.022666666666662,4.5596666666666685,3.833309523809524,0.7263571428571445,0.6044281916458959
A041,GG,2-year,GG-2-year,PRKCD,25.0,25.695,25.098,25.264333333333337,0.3761732756766934,False,22.969166666666663,2.2951666666666704,3.7783333333333338,-1.4831666666666634,2.7956168873750435
A041,GG,2-year,GG-2-year,NOTCH1,25.704,26.312,26.336,26.11733333333333,0.3581582518012575,False,22.969166666666663,3.1481666666666683,4.667041666666668,-1.5188749999999995,2.865674998171292
A041,GG,2-year,GG-2-year,GSN,24.012,23.881,23.877,23.92333333333333,0.0768136272632233,False,22.969166666666663,0.9541666666666656,2.78475,-1.830583333333334,3.556808579197725
A041,GG,2-year,GG-2-year,CCNG1,26.032,25.866,26.203,26.033666666666665,0.1685061818846219,False,22.969166666666663,3.064499999999999,4.343083333333334,-1.2785833333333354,2.4260063611964475
A041,GG,2-year,GG-2-year,CHST11,28.508,28.639,28.363,28.50333333333333,0.1380591660605455,False,22.969166666666663,5.534166666666664,4.4579166666666685,1.0762499999999957,0.4742599674593794
A041,GG,2-year,GG-2-year,ODC1,28.257,28.198,28.214,28.223,0.0305122926047855,False,22.969166666666663,5.253833333333333,3.9957857142857134,1.2580476190476193,0.4181093991887376
A041,GG,2-year,GG-2-year,GALNT,29.035,28.756,28.919,28.90333333333333,0.1401582439007186,False,22.969166666666663,5.934166666666666,4.662041666666667,1.272124999999999,0.4140494544615808
A041,GG,2-year,GG-2-year,FUT1/2,28.008,27.934,27.818,27.92,0.0957705591505019,False,22.969166666666663,4.950833333333335,3.833309523809524,1.1175238095238114,0.460884192081216
A042,GG,2-year,GG-2-year,PRKCD,25.16,25.072,25.202,25.144666666666662,0.0663425454239848,False,22.628166666666665,2.5165000000000006,3.7783333333333338,-1.2618333333333331,2.398002783435117
A042,GG,2-year,GG-2-year,NOTCH1,26.078,26.256,26.067,26.13366666666667,0.1060864427404999,False,22.628166666666665,3.505500000000005,4.667041666666668,-1.161541666666663,2.2369634227650925
A042,GG,2-year,GG-2-year,GSN,24.09,24.168,24.174,24.143999999999995,0.0468614980554396,False,22.628166666666665,1.5158333333333296,2.78475,-1.2689166666666702,2.409805430149401
A042,GG,2-year,GG-2-year,CCNG1,25.992,25.935,25.831,25.91933333333333,0.0816353681521276,False,22.628166666666665,3.291166666666665,4.343083333333334,-1.0519166666666688,2.0732824410907678
A042,GG,2-year,GG-2-year,CHST11,28.44,28.284,28.544,28.422666666666668,0.1308637968780272,False,22.628166666666665,5.794500000000003,4.4579166666666685,1.3365833333333343,0.3959572733682921
A042,GG,2-year,GG-2-year,ODC1,28.079,28.1,27.985,28.054666666666662,0.0612399651643716,False,22.628166666666665,5.426500000000001,3.9957857142857134,1.4307142857142874,0.3709471893287702
A042,GG,2-year,GG-2-year,GALNT,28.691,28.673,28.609,28.657666666666668,0.0430967902903822,False,22.628166666666665,6.029500000000002,4.662041666666667,1.3674583333333352,0.3875734544495219
A043,GG,2-year,GG-2-year,PRKCD,25.47,25.645,25.542,25.552333333333333,0.0879564286071994,False,22.624166666666667,2.928166666666666,3.7783333333333338,-0.8501666666666678,1.802709170322518
A043,GG,2-year,GG-2-year,NOTCH1,25.802,26.319,26.77,26.297,0.4843748548386879,False,22.624166666666667,3.6728333333333296,4.667041666666668,-0.9942083333333382,1.991987139643297
A043,GG,2-year,GG-2-year,GSN,24.433,24.629,24.669,24.577,0.1263012272307761,False,22.624166666666667,1.9528333333333308,2.78475,-0.8319166666666691,1.7800486438938263
A043,GG,2-year,GG-2-year,CCNG1,26.724,26.661,26.392,26.59233333333333,0.1763301827065734,False,22.624166666666667,3.968166666666665,4.343083333333334,-0.3749166666666692,1.2967646484243307
A043,GG,2-year,GG-2-year,CHST11,28.692,28.693,28.639,28.674666666666667,0.0308922859842612,False,22.624166666666667,6.0505,4.4579166666666685,1.592583333333331,0.3315771894947561
A043,GG,2-year,GG-2-year,ODC1,27.871,28.16,27.948,27.993,0.1496629546681481,False,22.624166666666667,5.368833333333331,3.9957857142857134,1.3730476190476175,0.3860748231605759
A043,GG,2-year,GG-2-year,GALNT,28.433,28.527,28.05,28.33666666666667,0.2526704045457902,False,22.624166666666667,5.712500000000002,4.662041666666667,1.050458333333335,0.4828147534892807
A043,GG,2-year,GG-2-year,FUT1/2,27.517,27.356,27.39,27.421000000000003,0.0848587060943061,False,22.624166666666667,4.796833333333336,3.833309523809524,0.9635238095238114,0.5128028518948087
A044,GG,2-year,GG-2-year,NOTCH1,25.863,25.863,25.768,25.831333333333333,0.0548482755730137,False,22.85083333333333,2.9804999999999997,4.667041666666668,-1.6865416666666686,3.2188417862726446
A044,GG,2-year,GG-2-year,GSN,24.376,24.425,24.476,24.425666666666668,0.0500033332222285,False,22.85083333333333,1.5748333333333342,2.78475,-1.2099166666666656,2.313242745810855
A044,GG,2-year,GG-2-year,CCNG1,26.026,26.401,26.152,26.193,0.1908323871883385,False,22.85083333333333,3.3421666666666674,4.343083333333334,-1.000916666666667,2.001271173630536
A044,GG,2-year,GG-2-year,CHST11,28.24,28.38,28.593,28.40433333333333,0.1777535747413638,False,22.85083333333333,5.553499999999996,4.4579166666666685,1.0955833333333276,0.4679468777592969
A044,GG,2-year,GG-2-year,ODC1,27.973,28.154,28.137,28.088,0.0999549898704418,False,22.85083333333333,5.237166666666663,3.9957857142857134,1.24138095238095,0.4229675963922845
A044,GG,2-year,GG-2-year,GALNT,29.242,28.937,29.042,29.073666666666668,0.154946227231686,False,22.85083333333333,6.222833333333334,4.662041666666667,1.5607916666666668,0.3389650266352274
A044,GG,2-year,GG-2-year,FUT1/2,27.214,27.401,27.246,27.286999999999995,0.1000149988751693,False,22.85083333333333,4.4361666666666615,3.833309523809524,0.6028571428571374,0.6584486580631865
A045,GG,2-year,GG-2-year,PRKCD,25.024,25.064,25.237,25.10833333333333,0.113209245794383,False,22.5455,2.5628333333333337,3.7783333333333338,-1.2155,2.322212506845191
A045,GG,2-year,GG-2-year,NOTCH1,25.686,25.776,25.798,25.75333333333333,0.0593408234972624,False,22.5455,3.2078333333333333,4.667041666666668,-1.4592083333333346,2.74957441659255
A045,GG,2-year,GG-2-year,GSN,24.572,24.182,24.246,24.33333333333333,0.2091538508690037,False,22.5455,1.7878333333333316,2.78475,-0.9969166666666682,1.995730156774406
A045,GG,2-year,GG-2-year,CCNG1,26.183,26.172,26.503,26.286,0.1880079785541027,False,22.5455,3.740500000000001,4.343083333333334,-0.6025833333333335,1.518433085808886
A045,GG,2-year,GG-2-year,CHST11,28.335,28.07,28.669,28.358,0.3001616231299398,False,22.5455,5.8125,4.4579166666666685,1.3545833333333317,0.3910477442740869
A045,GG,2-year,GG-2-year,ODC1,28.293,27.854,27.751,27.966,0.2878350221915318,False,22.5455,5.420499999999997,3.9957857142857134,1.4247142857142836,0.3724931277796743
A045,GG,2-year,GG-2-year,GALNT,28.794,28.538,28.837,28.723,0.161650858333632,False,22.5455,6.177499999999998,4.662041666666667,1.5154583333333314,0.3497853245858215
A045,GG,2-year,GG-2-year,FUT1/2,27.583,27.754,27.544,27.627,0.1117004923892468,False,22.5455,5.081499999999998,3.833309523809524,1.2481904761904743,0.4209758925153317
A046,GG,2-year,GG-2-year,PRKCD,25.348,25.595,25.555,25.49933333333333,0.1325757645021644,False,21.927000000000003,3.572333333333326,3.7783333333333338,-0.2060000000000079,1.1534856050600288
A046,GG,2-year,GG-2-year,NOTCH1,26.53,26.376,26.227,26.37766666666667,0.1515068755315529,False,21.927000000000003,4.450666666666667,4.667041666666668,-0.2163750000000011,1.1618106823555634
A046,GG,2-year,GG-2-year,GSN,24.331,24.358,24.359,24.34933333333333,0.0158850034099261,False,21.927000000000003,2.422333333333331,2.78475,-0.362416666666669,1.285577573220862
A046,GG,2-year,GG-2-year,CCNG1,26.311,25.74,26.224,26.09166666666667,0.3076431915926856,False,21.927000000000003,4.164666666666665,4.343083333333334,-0.1784166666666689,1.1316412464623054
A046,GG,2-year,GG-2-year,CHST11,28.435,28.373,28.381,28.39633333333333,0.0337243729865101,False,21.927000000000003,6.469333333333328,4.4579166666666685,2.0114166666666597,0.2480294496121066
A046,GG,2-year,GG-2-year,ODC1,27.583,27.123,27.556,27.420666666666666,0.2581401428165191,False,21.927000000000003,5.493666666666663,3.9957857142857134,1.497880952380949,0.3540730755808282
A046,GG,2-year,GG-2-year,GALNT,28.39,28.358,28.313,28.35366666666667,0.0386824680357058,False,21.927000000000003,6.426666666666666,4.662041666666667,1.7646249999999988,0.2943031726438275
A046,GG,2-year,GG-2-year,FUT1/2,27.934,27.799,27.981,27.904666666666667,0.0944792746232397,False,21.927000000000003,5.977666666666664,3.833309523809524,2.14435714285714,0.2261956134850706
A047,GG,2-year,GG-2-year,NOTCH1,26.155,26.157,26.177,26.163,0.0121655250605958,False,22.242666666666665,3.920333333333336,4.667041666666668,-0.7467083333333324,1.6779600102221202
A047,GG,2-year,GG-2-year,GSN,24.626,24.713,24.651,24.66333333333333,0.044792112400883,False,22.242666666666665,2.4206666666666656,2.78475,-0.3640833333333342,1.287063588862334
A047,GG,2-year,GG-2-year,CCNG1,26.682,25.854,26.714,26.416666666666668,0.4875462371235501,False,22.242666666666665,4.174000000000003,4.343083333333334,-0.1690833333333312,1.1243438665514005
A047,GG,2-year,GG-2-year,CHST11,28.703,27.848,28.215,28.255333333333336,0.4289246243028412,False,22.242666666666665,6.012666666666672,4.4579166666666685,1.554750000000003,0.3403875086750154
A047,GG,2-year,GG-2-year,ODC1,27.945,27.924,27.937,27.93533333333333,0.0105987420637235,False,22.242666666666665,5.692666666666668,3.9957857142857134,1.6968809523809545,0.3084522441169393
A047,GG,2-year,GG-2-year,GALNT,28.821,28.724,28.875,28.80666666666667,0.0765136153461156,False,22.242666666666665,6.564000000000004,4.662041666666667,1.9019583333333363,0.2675799025056845
A047,GG,2-year,GG-2-year,FUT1/2,27.538,27.841,27.636,27.671666666666667,0.1546167304444558,False,22.242666666666665,5.429000000000002,3.833309523809524,1.595690476190478,0.3308638377287654
A048,GG,2-year,GG-2-year,PRKCD,25.458,25.362,25.398,25.405999999999995,0.0484974226119285,False,22.581833333333336,2.82416666666666,3.7783333333333338,-0.9541666666666742,1.9374601897031616
A048,GG,2-year,GG-2-year,NOTCH1,26.11,26.141,26.222,26.157666666666668,0.0578302112509843,False,22.581833333333336,3.575833333333332,4.667041666666668,-1.091208333333336,2.130524044310344
A048,GG,2-year,GG-2-year,GSN,24.168,24.325,24.184,24.225666666666665,0.0863963733806764,False,22.581833333333336,1.6438333333333297,2.78475,-1.14091666666667,2.205210944479881
A048,GG,2-year,GG-2-year,CHST11,28.206,28.083,28.388,28.22566666666667,0.1534481454216174,False,22.581833333333336,5.643833333333333,4.4579166666666685,1.1859166666666647,0.4395451688471845
A048,GG,2-year,GG-2-year,ODC1,28.403,28.225,27.82,28.14933333333333,0.2987747200372431,False,22.581833333333336,5.567499999999999,3.9957857142857134,1.5717142857142856,0.3364084185471936
A048,GG,2-year,GG-2-year,GALNT,28.856,28.461,28.709,28.67533333333333,0.199640510251136,False,22.581833333333336,6.093499999999995,4.662041666666667,1.4314583333333282,0.370755928386264
A048,GG,2-year,GG-2-year,FUT1/2,27.542,27.392,27.501,27.47833333333333,0.0775263396100545,False,22.581833333333336,4.8965,3.833309523809524,1.0631904761904756,0.4785725399346086
