Genotype,Age,Time,Observation_within_time,Source_sheet,Source_row,THC_recorded,THC_converted,MOR_converted,MOR_ratio_stored,PHA_recorded,PHA_converted,PHA_ratio_stored,ROS_recorded,MOR_ratio_same_animal,PHA_ratio_same_animal
GG,1-year,0,1,1龄,4,838.41,169.35882,4.565519999999999,0.0269576748350041,75.68,8.7032,0.0513891157248261,73034.0,0.0269576748350041,0.0513891157248261
GG,1-year,0,2,1龄,5,1117.61,225.75722,4.26156,0.0188767384715315,126.11,14.50265,0.0642400274064324,54317.7,0.0188767384715315,0.0642400274064324
GG,1-year,0,3,1龄,6,1236.85,249.8437,3.54756,0.0141991172881285,109.38,12.578699999999998,0.0503462764920628,54904.2,0.0141991172881285,0.0503462764920628
GG,1-year,0,4,1龄,7,1028.69,207.79538,3.2436,0.015609586700147,94.69,10.88935,0.0524041968594296,62216.1,0.015609586700147,0.0524041968594296
GG,1-year,0,5,1龄,8,1544.12,311.91224,3.03144,0.0097188875947926,73.66,8.470899999999999,0.027157959559394,62299.3,0.0097188875947926,0.027157959559394
DD,1-year,0,1,1龄,9,1197.24,241.84248,3.90456,0.0161450544172388,55.16,6.343399999999999,0.0262294696944887,297081.2,0.0161450544172388,0.0262294696944887
DD,1-year,0,2,1龄,10,1432.94,289.45388,3.9168,0.0135316894007432,47.12,5.418799999999999,0.018720771682176,274569.2,0.0135316894007432,0.018720771682176
DD,1-year,0,3,1龄,11,724.63,146.37526,4.16568,0.0284589076050146,48.13,5.53495,0.0378134255747863,283999.8,0.0284589076050146,0.0378134255747863
DD,1-year,0,4,1龄,12,546.42,110.37684,8.157960000000001,0.0739100702647403,44.24,5.0876,0.0460930028437125,321043.1,0.0739100702647403,0.0460930028437125
DD,1-year,0,5,1龄,13,928.79,187.61558,5.76708,0.0307388117767191,47.35,5.44525,0.029023442509412,260755.3,0.0307388117767191,0.029023442509412
GD,1-year,0,1,1龄,14,402.66,81.33732,5.68548,0.0699000163762464,28.61,3.29015,0.0404506811879221,121078.7,0.0699000163762464,0.0404506811879221
GD,1-year,0,2,1龄,15,567.54,114.64307999999998,4.5594,0.039770389979055,41.03,4.71845,0.0411577393070737,119037.2,0.039770389979055,0.0411577393070737
GD,1-year,0,3,1龄,16,477.68,96.49136,1.9012800000000003,0.0197041476045109,43.74,5.0301,0.0521300559967234,128281.1,0.0197041476045109,0.0521300559967234
GD,1-year,0,4,1龄,17,412.33,83.29066,4.0902,0.049107546992664,45.79,5.26585,0.0632225750162143,130607.7,0.049107546992664,0.0632225750162143
GD,1-year,0,5,1龄,18,550.91,111.28382,2.71524,0.0243992343181605,39.0,4.484999999999999,0.040302354825706,133838.9,0.0243992343181605,0.040302354825706
GG,1-year,24,1,1龄,23,470.44,95.02888,5.503920000000001,0.0579183928085862,51.09,5.87535,0.0618269940674876,167492.8,0.0579183928085862,0.0618269940674876
GG,1-year,24,2,1龄,24,468.96,94.72992,6.31788,0.0666936064128419,54.12,6.223799999999999,0.065700467180802,147102.1,0.0666936064128419,0.065700467180802
GG,1-year,24,3,1龄,25,327.9,66.2358,6.20772,0.0937215221979654,63.09,7.25535,0.1095381953565896,132245.3,0.0937215221979654,0.1095381953565896
GG,1-year,24,4,1龄,26,408.12,82.44024,6.00168,0.0728003703045988,49.01,5.636149999999999,0.068366491897646,123468.2,0.0728003703045988,0.068366491897646
GG,1-year,24,5,1龄,27,418.72,84.58144000000001,7.488840000000001,0.0885399917523276,55.42,6.3733,0.0753510462815482,118598.3,0.0885399917523276,0.0753510462815482
DD,1-year,24,1,1龄,28,2496.72,504.33744,19.46976,0.0386046294718869,62.88,7.2312,0.0143380194022478,98232.0,0.0386046294718869,0.0143380194022478
DD,1-year,24,2,1龄,29,2442.64,493.41328,17.927519999999998,0.0363336795474981,57.35,6.59525,0.0133665838908916,94064.9,0.0363336795474981,0.0133665838908916
DD,1-year,24,3,1龄,30,2557.78,516.67156,20.82024,0.0402968570594441,43.63,5.01745,0.0097111015748573,72978.6,0.0402968570594441,0.0097111015748573
DD,1-year,24,4,1龄,31,2590.95,523.3719,21.03852,0.0401980312661035,50.36,5.791399999999999,0.0110655539588579,78314.1,0.0401980312661035,0.0110655539588579
DD,1-year,24,5,1龄,32,2408.65,486.5473,20.55912,0.0422551312071817,46.21,5.31415,0.0109221652242238,81228.6,0.0422551312071817,0.0109221652242238
GD,1-year,24,1,1龄,33,613.04,123.83408,8.184479999999999,0.0660923067381774,115.3,13.2595,0.107074724502334,142802.1,0.0660923067381774,0.107074724502334
GD,1-year,24,2,1龄,34,919.66,185.77132,8.561879999999999,0.0460882767049294,75.93,8.73195,0.0470037570923218,140922.9,0.0460882767049294,0.0470037570923218
GD,1-year,24,3,1龄,35,937.78,189.43156,7.121639999999999,0.0375947914909215,80.63,9.27245,0.0489488129644289,140215.6,0.0375947914909215,0.0489488129644289
GD,1-year,24,4,1龄,36,660.81,133.48362,8.453759999999999,0.0633318155441094,97.93,11.26195,0.0843695278866425,135356.0,0.0633318155441094,0.0843695278866425
GD,1-year,24,5,1龄,37,1041.11,210.30422,6.7422,0.0320592710883309,83.58,9.6117,0.045703790442246,140449.1,0.0320592710883309,0.045703790442246
GG,1-year,48,1,1龄,42,272.23,54.990460000000006,19.75536,0.3592506772992987,98.03,11.27345,0.2050073776433221,121308.9,0.3592506772992987,0.2050073776433221
GG,1-year,48,2,1龄,43,263.48,53.22296,18.34776,0.3447339268616401,106.97,12.30155,0.2311323909831396,112587.8,0.3447339268616401,0.2311323909831396
GG,1-year,48,3,1龄,44,306.55,61.9231,19.73292,0.318668154533607,91.05,10.47075,0.169092794126909,118124.1,0.318668154533607,0.169092794126909
GG,1-year,48,4,1龄,45,298.74,60.34548,21.74232,0.3602974075274569,91.08,10.474199999999998,0.1735705805969229,111889.7,0.3602974075274569,0.1735705805969229
GG,1-year,48,5,1龄,46,329.93,66.64586000000001,20.93448,0.3141152353649573,102.38,11.773699999999998,0.1766606357844282,100446.4,0.3141152353649573,0.1766606357844282
DD,1-year,48,1,1龄,47,186.29,37.63058,5.09592,0.1354196507202387,57.59,6.62285,0.1759964900886459,141474.5,0.1354196507202387,0.1759964900886459
DD,1-year,48,2,1龄,48,193.63,39.11326,4.59816,0.1175601317813958,57.24,6.5826,0.1682958669259479,143398.7,0.1175601317813958,0.1682958669259479
DD,1-year,48,3,1龄,49,256.27,51.76654,3.77808,0.0729830504414627,57.47,6.609049999999999,0.1276703059543867,133792.8,0.0729830504414627,0.1276703059543867
DD,1-year,48,4,1龄,50,207.46,41.90692,4.90008,0.1169277054958942,57.96,6.6654,0.1590524906149151,128040.3,0.1169277054958942,0.1590524906149151
DD,1-year,48,5,1龄,51,322.66,65.17732000000001,3.52716,0.0541163705411636,51.91,5.96965,0.0915909092303887,136596.5,0.0541163705411636,0.0915909092303887
GD,1-year,48,1,1龄,52,1455.52,294.01504,30.638760000000005,0.1042081384680185,162.29,18.66335,0.0634775350267795,131771.7,0.1042081384680185,0.0634775350267795
GD,1-year,48,2,1龄,53,1331.2,268.90240000000006,31.02228,0.1153663187833206,164.42,18.9083,0.0703165907035414,81665.4,0.1153663187833206,0.0703165907035414
GD,1-year,48,3,1龄,54,932.66,188.39732,32.23608,0.1711068926033555,164.52,18.9198,0.1004249954298712,122678.3,0.1711068926033555,0.1004249954298712
GD,1-year,48,4,1龄,55,1059.42,214.00284000000005,31.16916,0.1456483474705288,176.15,20.25725,0.0946587905095091,111324.7,0.1456483474705288,0.0946587905095091
GD,1-year,48,5,1龄,56,1320.7,266.7814,31.24668,0.1171246571162757,143.67,16.52205,0.0619310416693217,115375.0,0.1171246571162757,0.0619310416693217
GG,1-year,96,1,1龄,61,637.88,128.85175999999998,32.631840000000004,0.2532510227256501,76.83,8.835449999999998,0.0685706582510009,299904.8,0.2532510227256501,0.0685706582510009
GG,1-year,96,2,1龄,62,615.6,124.3512,36.2916,0.2918476058132129,40.62,4.6713,0.037565379344952,267341.1,0.2918476058132129,0.037565379344952
GG,1-year,96,3,1龄,63,638.82,129.04164,37.39524,0.2897920392208282,35.16,4.043399999999999,0.0313340716996467,244194.6,0.2897920392208282,0.0313340716996467
GG,1-year,96,4,1龄,64,683.14,137.99428,38.027640000000005,0.2755740310395475,45.65,5.24975,0.0380432435315434,218810.3,0.2755740310395475,0.0380432435315434
GG,1-year,96,5,1龄,65,633.35,127.9367,36.62412,0.2862675057274417,13.91,1.59965,0.012503448971249,239547.5,0.2862675057274417,0.012503448971249
DD,1-year,96,1,1龄,66,645.58,130.40716,4.70016,0.0360421927753046,50.18,5.770699999999999,0.0442514046007903,164638.4,0.0360421927753046,0.0442514046007903
DD,1-year,96,2,1龄,67,570.54,115.24908,6.26484,0.0543591324112956,47.63,5.477449999999999,0.0475270605197021,169690.3,0.0543591324112956,0.0475270605197021
DD,1-year,96,3,1龄,68,597.82,120.75964000000002,4.824599999999999,0.0399520899532327,49.25,5.663749999999999,0.046901017591639,205677.3,0.0399520899532327,0.046901017591639
DD,1-year,96,4,1龄,69,626.11,126.47422000000002,5.82216,0.0460343617853504,39.83,4.58045,0.0362164716256008,211236.5,0.0460343617853504,0.0362164716256008
DD,1-year,96,5,1龄,70,615.3,124.2906,5.48148,0.0441021283990905,29.32,3.3718,0.0271283588622148,202955.5,0.0441021283990905,0.0271283588622148
GD,1-year,96,1,1龄,71,1066.47,215.42694,6.417839999999999,0.0297912600903118,63.39,7.28985,0.0338390825214339,109103.9,0.0297912600903118,0.0338390825214339
GD,1-year,96,2,1龄,72,1595.24,322.23848000000004,5.90784,0.0183337508295098,63.06,7.251899999999998,0.0225047610701242,115009.1,0.0183337508295098,0.0225047610701242
GD,1-year,96,3,1龄,73,1668.22,336.98044,5.8792800000000005,0.0174469473658471,77.7,8.9355,0.0265163758466218,112044.8,0.0174469473658471,0.0265163758466218
GD,1-year,96,4,1龄,74,1657.4,334.79480000000007,5.852760000000001,0.0174816335259687,57.27,6.58605,0.0196719005193629,121353.7,0.0174816335259687,0.0196719005193629
GD,1-year,96,5,1龄,75,1384.39,279.64678000000004,8.20284,0.0293328605464364,60.24,6.9276,0.0247726793063735,111829.4,0.0293328605464364,0.0247726793063735
GG,1-year,168,1,1龄,80,309.03,62.42406,9.30852,0.1491175037317342,52.34,6.0191,0.0964227575072816,83852.1,0.1491175037317342,0.0964227575072816
GG,1-year,168,2,1龄,81,269.56,54.45112000000001,14.4228,0.2648760943760201,60.14,6.9161,0.1270148345892609,72599.7,0.2648760943760201,0.1270148345892609
GG,1-year,168,3,1龄,82,348.11,70.31822000000001,9.8226,0.1396878362393132,2.33,0.26795,0.0038105344532327,88636.3,0.1396878362393132,0.0038105344532327
GG,1-year,168,4,1龄,83,320.34,64.70867999999999,7.26444,0.1122637643048815,3.67,0.4220499999999999,0.0065223089081712,74219.9,0.1122637643048815,0.0065223089081712
GG,1-year,168,5,1龄,84,255.72,51.65544,10.608,0.2053607519362917,,,,69422.6,0.2053607519362917,
DD,1-year,168,1,1龄,85,222.12,44.86824,8.533320000000002,0.1901861985226075,82.34,9.4691,0.2110423765229034,156558.8,0.1901861985226075,0.2110423765229034
DD,1-year,168,2,1龄,86,204.93,41.39586,9.72876,0.2350177046690176,78.24,8.997599999999998,0.2173550688402173,140163.5,0.2350177046690176,0.2173550688402173
DD,1-year,168,3,1龄,87,185.24,37.41848,7.57044,0.2023182128189066,74.68,8.5882,0.229517607342682,160404.0,0.2023182128189066,0.229517607342682
DD,1-year,168,4,1龄,88,225.72,45.59544,9.8634,0.2163242640053479,84.11,9.67265,0.2121407316170213,118565.9,0.2163242640053479,0.2121407316170213
DD,1-year,168,5,1龄,89,214.27,43.28254,10.47948,0.2421179533363799,33.51,3.85365,0.0890347470365648,156057.4,0.2421179533363799,0.0890347470365648
GD,1-year,168,1,1龄,90,2491.0,503.182,15.24492,0.0302970297029702,250.79,28.840849999999996,0.0573169350254977,26521.2,0.0302970297029702,0.0573169350254977
GD,1-year,168,2,1龄,91,2108.73,425.96346000000005,16.9728,0.0398456712695497,225.81,25.96815,0.0609633276995167,32428.7,0.0398456712695497,0.0609633276995167
GD,1-year,168,3,1龄,92,2261.31,456.78462,18.25188,0.0399572997882459,197.88,22.7562,0.0498182272424145,29472.3,0.0399572997882459,0.0498182272424145
GD,1-year,168,4,1龄,93,2027.23,409.50046,20.83656,0.050882873245124,203.0,23.345,0.0570084829697138,31977.7,0.050882873245124,0.0570084829697138
GD,1-year,168,5,1龄,94,,,16.4526,0.0366543837446365,158.84,18.2666,0.0406957542339677,,,
GG,2-year,0,1,2龄,4,952.59,192.42318,4.17792,0.021712145075245,68.02,7.8222999999999985,0.0406515472824012,56720.5,0.021712145075245,0.0406515472824012
GG,2-year,0,2,2龄,5,922.67,186.37934,4.15752,0.0223067642583131,74.69,8.589349999999998,0.0460853118162131,49560.1,0.0223067642583131,0.0460853118162131
GG,2-year,0,3,2龄,6,733.26,148.11852,3.54756,0.0239508199244766,81.9,9.4185,0.0635875918825005,45813.0,0.0239508199244766,0.0635875918825005
GG,2-year,0,4,2龄,7,981.28,198.21856,3.08856,0.0155815883235152,70.76,8.1374,0.0410526642913761,44054.8,0.0155815883235152,0.0410526642913761
GG,2-year,0,5,2龄,8,945.55,191.0011,2.92332,0.0153052521687047,48.13,5.53495,0.028978628918891,45290.9,0.0153052521687047,0.028978628918891
DD,2-year,0,1,2龄,9,1379.22,278.60244000000006,3.988200000000001,0.0143150217923432,107.25,12.333749999999998,0.0442700717194005,117137.8,0.0143150217923432,0.0442700717194005
DD,2-year,0,2,2龄,10,1242.29,250.94258,4.2126,0.016787107233854,74.69,8.589349999999998,0.0342283481743114,121554.2,0.016787107233854,0.0342283481743114
DD,2-year,0,3,2龄,11,1051.48,212.39896,4.16568,0.0196125254097289,39.01,4.486149999999999,0.0211213369406328,114005.4,0.0196125254097289,0.0211213369406328
DD,2-year,0,4,2龄,12,1481.62,299.28724,4.53696,0.0151592162766444,38.94,4.4781,0.0149625490214684,116932.7,0.0151592162766444,0.0149625490214684
DD,2-year,0,5,2龄,13,1385.48,279.86696,8.823,0.0315256934937943,22.07,2.53805,0.0090687732485463,121108.6,0.0315256934937943,0.0090687732485463
GD,2-year,0,1,2龄,14,1084.47,219.06294000000003,6.4464,0.0294271591534378,61.95,7.124249999999998,0.0325214753348968,62613.0,0.0294271591534378,0.0325214753348968
GD,2-year,0,2,2龄,15,969.03,195.74406,7.372560000000001,0.0376642846786768,43.51,5.00365,0.0255622060766492,63810.1,0.0376642846786768,0.0255622060766492
GD,2-year,0,3,2龄,16,899.5,181.699,2.5357199999999995,0.013955607900979,72.15,8.29725,0.0456648082818287,62917.5,0.013955607900979,0.0456648082818287
GD,2-year,0,4,2龄,17,791.44,159.87088,5.19384,0.0324877175880935,37.24,4.2826,0.0267878678093221,62026.0,0.0324877175880935,0.0267878678093221
GD,2-year,0,5,2龄,18,1272.52,257.04904,3.5944800000000003,0.0139836351849437,57.49,6.61135,0.0257201894237768,62300.0,0.0139836351849437,0.0257201894237768
GG,2-year,24,1,2龄,23,216.44,43.72088,3.54552,0.0810944335978598,41.54,4.777099999999999,0.109263582983691,50268.1,0.0810944335978598,0.109263582983691
GG,2-year,24,2,2龄,24,273.2,55.1864,2.80704,0.0508647057970804,34.84,4.0066,0.0726012205905802,74518.6,0.0508647057970804,0.0726012205905802
GG,2-year,24,3,2龄,25,280.91,56.74382000000001,3.69444,0.0651073544220322,33.92,3.9008,0.0687440500128472,65478.6,0.0651073544220322,0.0687440500128472
GG,2-year,24,4,2龄,26,297.26,60.04652,3.5577600000000005,0.0592500614523539,37.4,4.301,0.0716277979140173,66638.5,0.0592500614523539,0.0716277979140173
GG,2-year,24,5,2龄,27,307.98,62.21196,4.32684,0.0695499707773232,31.65,3.63975,0.0585056313930633,104411.8,0.0695499707773232,0.0585056313930633
DD,2-year,24,1,2龄,28,766.46,154.82492000000002,5.23872,0.0338364134145846,58.49,6.72635,0.0434448795452308,58605.0,0.0338364134145846,0.0434448795452308
DD,2-year,24,2,2龄,29,682.41,137.84682,6.33624,0.0459658046518592,75.48,8.6802,0.0629698965852095,60142.3,0.0459658046518592,0.0629698965852095
DD,2-year,24,3,2龄,30,686.05,138.5821,6.26892,0.0452361452164457,67.2,7.728,0.0557647777021707,49588.3,0.0452361452164457,0.0557647777021707
DD,2-year,24,4,2龄,31,601.18,121.43836,10.70796,0.0881760919696214,47.3,5.439499999999999,0.0447922715688848,58908.4,0.0881760919696214,0.0447922715688848
DD,2-year,24,5,2龄,32,694.84,140.35768000000002,6.24444,0.0444894785949724,57.4,6.600999999999998,0.0470298454633903,54446.1,0.0444894785949724,0.0470298454633903
GD,2-year,24,1,2龄,33,858.5,173.417,8.0376,0.0463483972159592,91.62,10.5363,0.0607570192080361,148557.8,0.0463483972159592,0.0607570192080361
GD,2-year,24,2,2龄,34,974.43,196.83486,8.288520000000002,0.0421090044720737,72.17,8.29955,0.0421650412940065,158808.8,0.0421090044720737,0.0421650412940065
GD,2-year,24,3,2龄,35,1008.74,203.76548,9.47988,0.0465234837618226,73.26,8.4249,0.0413460611679662,161408.3,0.0465234837618226,0.0413460611679662
GD,2-year,24,4,2龄,36,837.15,169.1043,9.19428,0.054370468403228,160.76,18.4874,0.109325428152921,183610.5,0.054370468403228,0.109325428152921
GD,2-year,24,5,2龄,37,1049.48,211.99496,8.798520000000002,0.0415034395157318,74.09,8.520349999999999,0.0401912856796218,176619.9,0.0415034395157318,0.0401912856796218
GG,2-year,48,1,2龄,42,702.11,141.82622,4.720560000000001,0.0332841134735171,84.63,9.732449999999998,0.0686223605197966,45492.2,0.0332841134735171,0.0686223605197966
GG,2-year,48,2,2龄,43,967.3,195.3946,3.973920000000001,0.0203379213140997,77.54,8.9171,0.0456363686611605,47723.5,0.0203379213140997,0.0456363686611605
GG,2-year,48,3,2龄,44,850.43,171.78686000000002,3.18852,0.0185609073941976,74.98,8.6227,0.0501941766675285,43565.8,0.0185609073941976,0.0501941766675285
GG,2-year,48,4,2龄,45,611.87,123.59774,4.849080000000001,0.0392327561976456,105.48,12.1302,0.0981425712152989,41403.2,0.0392327561976456,0.0981425712152989
GG,2-year,48,5,2龄,46,921.38,186.11876,3.33336,0.0179098549764677,62.26,7.159899999999999,0.0384695234376158,44955.3,0.0179098549764677,0.0384695234376158
DD,2-year,48,1,2龄,47,263.86,53.29972000000001,2.8662000000000005,0.0537751417831088,54.61,6.28015,0.1178270730127662,60931.7,0.0537751417831088,0.1178270730127662
DD,2-year,48,2,2龄,48,234.58,47.385160000000006,3.63732,0.0767607411265467,45.68,5.2532,0.1108617128231707,57709.2,0.0767607411265467,0.1108617128231707
DD,2-year,48,3,2龄,49,189.75,38.3295,3.32316,0.086699800414824,53.52,6.1548,0.1605760576057605,55577.0,0.086699800414824,0.1605760576057605
DD,2-year,48,4,2龄,50,224.57,45.36314,3.98616,0.0878722240127116,44.33,5.097949999999999,0.1123808889772621,55355.8,0.0878722240127116,0.1123808889772621
DD,2-year,48,5,2龄,51,280.07,56.57414,2.86008,0.0505545466532942,59.21,6.80915,0.120357993952714,57971.8,0.0505545466532942,0.120357993952714
GD,2-year,48,1,2龄,52,1705.48,344.50696,8.984160000000001,0.0260783120317801,90.25,10.37875,0.0301263869966516,81112.6,0.0260783120317801,0.0301263869966516
GD,2-year,48,2,2龄,53,1328.45,268.3469,13.04376,0.0486078281508003,95.75,11.01125,0.0410336396656715,74814.2,0.0486078281508003,0.0410336396656715
GD,2-year,48,3,2龄,54,1642.05,331.6941,6.69732,0.020191254532414,76.46,8.792899999999998,0.0265090636221747,79073.2,0.020191254532414,0.0265090636221747
GD,2-year,48,4,2龄,55,1424.48,287.74496,11.51784,0.0400279469708175,53.07,6.10305,0.0212099284032637,75966.0,0.0400279469708175,0.0212099284032637
GD,2-year,48,5,2龄,56,2001.1,404.22219999999993,8.99232,0.0222459825313899,81.08,9.3242,0.0230670161114357,83471.5,0.0222459825313899,0.0230670161114357
GG,2-year,96,1,2龄,61,740.15,149.5103,14.6472,0.0979678323165695,122.92,14.1358,0.0945473321904912,63042.1,0.0979678323165695,0.0945473321904912
GG,2-year,96,2,2龄,62,935.11,188.89222,11.872800000000002,0.062854891535501,133.36,15.3364,0.0811912740503552,60013.4,0.062854891535501,0.0811912740503552
GG,2-year,96,3,2龄,63,818.94,165.42588,12.19308,0.0737072095369841,105.75,12.16125,0.0735147970801183,60017.4,0.0737072095369841,0.0735147970801183
GG,2-year,96,4,2龄,64,824.59,166.56718,14.37996,0.0863312928753431,100.02,11.502299999999998,0.069055020322731,57813.0,0.0863312928753431,0.069055020322731
GG,2-year,96,5,2龄,65,890.2,179.82040000000003,13.42932,0.0746818492228912,89.24,10.2626,0.0570713890081436,60755.2,0.0746818492228912,0.0570713890081436
DD,2-year,96,1,2龄,66,475.7,96.0914,4.116720000000001,0.0428417111208703,59.76,6.872399999999999,0.0715194075640483,79793.2,0.0428417111208703,0.0715194075640483
DD,2-year,96,2,2龄,67,437.67,88.40934000000001,3.910680000000001,0.0442337879685562,48.11,5.532649999999999,0.062579926510027,56727.8,0.0442337879685562,0.062579926510027
DD,2-year,96,3,2龄,68,526.3,106.3126,3.71688,0.0349618013292874,48.98,5.632699999999999,0.0529824310570901,55723.1,0.0349618013292874,0.0529824310570901
DD,2-year,96,4,2龄,69,444.03,89.69405999999998,4.39824,0.0490360231212635,41.06,4.7219,0.052644511799332,60754.5,0.0490360231212635,0.052644511799332
DD,2-year,96,5,2龄,70,520.29,105.09857999999998,5.30196,0.0504474941526327,36.45,4.19175,0.0398839832089073,55204.6,0.0504474941526327,0.0398839832089073
GD,2-year,96,1,2龄,71,2343.88,473.46376,5.24688,0.0110819041355984,158.61,18.24015,0.0385249126564618,157608.8,0.0110819041355984,0.0385249126564618
GD,2-year,96,2,2龄,72,2350.69,474.83938,3.8964000000000008,0.0082057221117591,141.85,16.312749999999998,0.0343542483776303,178355.6,0.0082057221117591,0.0343542483776303
GD,2-year,96,3,2龄,73,2334.2,471.5084,5.01024,0.0106259824851476,122.6,14.098999999999997,0.0299019063075016,176249.4,0.0106259824851476,0.0299019063075016
GD,2-year,96,4,2龄,74,2334.5,471.569,6.26076,0.0132764452285879,109.59,12.60285,0.0267253572647905,163926.4,0.0132764452285879,0.0267253572647905
GD,2-year,96,5,2龄,75,2599.2,525.0384,4.50432,0.0085790296481171,155.56,17.8894,0.0340725554549914,146660.6,0.0085790296481171,0.0340725554549914
GG,2-year,168,1,2龄,80,2302.11,465.02622,17.37468,0.0373627964461874,309.47,35.58905000000001,0.0765312760213822,109685.3,0.0373627964461874,0.0765312760213822
GG,2-year,168,2,2龄,81,2265.55,457.6411,17.55828,0.0383669211528422,284.3,32.6945,0.0714413543713621,107483.1,0.0383669211528422,0.0714413543713621
GG,2-year,168,3,2龄,82,2054.86,415.08172,18.94752,0.0456476859544669,278.89,32.07234999999999,0.0772675558923673,107528.6,0.0456476859544669,0.0772675558923673
GG,2-year,168,4,2龄,83,2116.44,427.5208800000001,20.24292,0.0473495469975641,274.67,31.58705,0.0738842275960884,103818.2,0.0473495469975641,0.0738842275960884
GG,2-year,168,5,2龄,84,2123.12,428.87024,19.563600000000005,0.0456165948935976,278.12,31.983799999999995,0.0745768696844061,105290.6,0.0456165948935976,0.0745768696844061
DD,2-year,168,1,2龄,85,1935.04,390.87808,5.50188,0.0140756933722146,142.17,16.349549999999997,0.041827748437569,118957.0,0.0140756933722146,0.041827748437569
DD,2-year,168,2,2龄,86,1883.0,380.366,5.7915600000000005,0.0152262820546526,103.04,11.8496,0.0311531524899701,132162.9,0.0152262820546526,0.0311531524899701
DD,2-year,168,3,2龄,87,1809.8,365.5796,6.750360000000001,0.0184648158704697,109.71,12.616649999999998,0.0345113622313717,124585.3,0.0184648158704697,0.0345113622313717
DD,2-year,168,4,2龄,88,1781.95,359.9539,7.8438,0.0217911238077987,99.62,11.4563,0.0318271311965226,142358.1,0.0217911238077987,0.0318271311965226
DD,2-year,168,5,2龄,89,2224.11,449.27022,4.64916,0.0103482487666331,43.11,4.957649999999999,0.0110348956581186,129368.4,0.0103482487666331,0.0110348956581186
GD,2-year,168,1,2龄,90,1870.66,377.87332,5.9568,0.0157640131883351,167.48,19.2602,0.050969991742206,82318.9,0.0157640131883351,0.050969991742206
GD,2-year,168,2,2龄,91,2182.77,440.9195399999999,5.83032,0.0132230928118994,146.84,16.8866,0.0382985975173611,82940.6,0.0132230928118994,0.0382985975173611
GD,2-year,168,3,2龄,92,2104.09,425.02618,13.794480000000002,0.0324556007349947,133.45,15.346749999999997,0.0361077757610131,76715.9,0.0324556007349947,0.0361077757610131
GD,2-year,168,4,2龄,93,2200.55,444.5111000000001,6.479040000000001,0.0145756540162889,131.25,15.09375,0.0339558449721502,59870.7,0.0145756540162889,0.0339558449721502
GD,2-year,168,5,2龄,94,1749.99,353.49798000000004,9.54924,0.0233840446863862,132.81,15.273149999999998,0.0374006750382103,89365.1,0.0270135631326662,0.0432057631559874
