Genotype,Age,Time,measure,unit,n,mean,sd,SEM
DD,1-year,0,MOR,percent,5,3.25569066928912,2.4297587283410667,1.086621137098814
DD,1-year,0,PHA,percent,5,3.1576022460915096,1.0606680448150638,0.4743451699536551
DD,1-year,0,ROS,fluorescence arbitrary units,5,287489.72000000003,22976.479220215617,10275.393884002697
DD,1-year,0,THC,fold of genotype-age baseline mean,5,0.9999999999999998,0.3686202034209441,0.1648519665458063
DD,1-year,24,MOR,percent,5,3.953766571042286,0.220981655642881,0.0988260007595863
DD,1-year,24,PHA,percent,5,1.188068481021568,0.1906349842753463,0.0852545567458555
DD,1-year,24,ROS,fluorescence arbitrary units,5,84963.64,10731.849799685047,4799.429135282653
DD,1-year,24,THC,fold of genotype-age baseline mean,5,2.5873060567036985,0.0789296969755043,0.0352984335761374
DD,1-year,48,MOR,percent,5,9.9401381796031,3.4215816502288643,1.5301778320955297
DD,1-year,48,PHA,percent,5,14.452121256285684,3.483050168900308,1.5576673893406423
DD,1-year,48,ROS,fluorescence arbitrary units,5,136660.56,6146.413233585919,2748.7595616204817
DD,1-year,48,THC,fold of genotype-age baseline mean,5,0.2414710498093175,0.0589336813072049,0.0263559435134437
DD,1-year,96,MOR,percent,5,4.409798106485476,0.6912397422839877,0.3091318104992864
DD,1-year,96,PHA,percent,5,4.04048626399894,0.8682306558462766,0.3882845533242999
DD,1-year,96,ROS,fluorescence arbitrary units,5,190839.6,21890.53263193933,9789.743805738746
DD,1-year,96,THC,fold of genotype-age baseline mean,5,0.6325750203932902,0.0295224005133881,0.0132028188813821
DD,1-year,168,MOR,percent,5,21.71928666704519,2.173910484139148,0.9722023239069224
DD,1-year,168,PHA,percent,5,19.181810627187776,5.792320226278774,2.5904043546812603
DD,1-year,168,ROS,fluorescence arbitrary units,5,146349.91999999998,17365.174367307685,7765.942065287377
DD,1-year,168,THC,fold of genotype-age baseline mean,5,0.2178624519153129,0.0167717823846758,0.0075005691031937
DD,2-year,0,MOR,percent,5,1.947991284127296,0.7030542973558739,0.3144154401522169
DD,2-year,0,PHA,percent,5,2.4730215820871875,1.4367781593389557,0.6425467265737858
DD,2-year,0,ROS,fluorescence arbitrary units,5,118147.74,3163.302994972191,1414.6721060372988
DD,2-year,0,THC,fold of genotype-age baseline mean,5,1.0,0.1275502228111638,0.0570421937502013
DD,2-year,24,MOR,percent,5,5.154078676949666,2.1072139786296944,0.9423747398707571
DD,2-year,24,PHA,percent,5,5.080033417297722,0.8324062454781622,0.3722633899569095
DD,2-year,24,ROS,fluorescence arbitrary units,5,56338.02,4340.411252058956,1941.09092198176
DD,2-year,24,THC,fold of genotype-age baseline mean,5,0.5246013434065893,0.0448385285760181,0.0200523995814086
DD,2-year,48,MOR,percent,5,7.113249079809707,1.788131950258385,0.7996769187034043
DD,2-year,48,PHA,percent,5,12.44007452743347,2.059121519388265,0.9208671382569624
DD,2-year,48,ROS,fluorescence arbitrary units,5,57509.1,2254.8854383316225,1008.4154243167836
DD,2-year,48,THC,fold of genotype-age baseline mean,5,0.1823873983385549,0.0269136228192059,0.0120361380289068
DD,2-year,96,MOR,percent,5,4.430416353852202,0.6114622997134215,0.2734542535675121
DD,2-year,96,PHA,percent,5,5.592205202788094,1.18765323767654,0.5311346746284915
DD,2-year,96,ROS,fluorescence arbitrary units,5,61640.64,10378.783238559325,4641.532969030813
DD,2-year,96,THC,fold of genotype-age baseline mean,5,0.367577510401233,0.0316788817244474,0.014167226597408
DD,2-year,168,MOR,percent,5,1.598123277435374,0.4354726129429254,0.1947492729759672
DD,2-year,168,PHA,percent,5,3.00708580027104,1.1451705874838054,0.5121358558894317
DD,2-year,168,ROS,fluorescence arbitrary units,5,129486.34,8771.36367237159,3922.673085359014
DD,2-year,168,THC,fold of genotype-age baseline mean,5,1.4730531231221589,0.1351755967402571,0.0604523646420627
GD,1-year,0,MOR,percent,5,4.057626705412736,2.019069221210533,0.9029552059808622
GD,1-year,0,PHA,percent,5,4.74526812667279,1.0128534578445676,0.4529618365972341
GD,1-year,0,ROS,fluorescence arbitrary units,5,126568.72,6304.0708087711055,2819.266172676854
GD,1-year,0,THC,fold of genotype-age baseline mean,5,1.0,0.1580419188350991,0.0706784947619571
GD,1-year,24,MOR,percent,5,4.903329231329372,1.519117798487804,0.6793701326497114
GD,1-year,24,PHA,percent,5,6.662012257759464,2.777672647202315,1.2422129716772334
GD,1-year,24,ROS,fluorescence arbitrary units,5,139949.13999999998,2761.588550635301,1235.0199450211308
GD,1-year,24,THC,fold of genotype-age baseline mean,5,1.7304820996051624,0.3877081533113627,0.1733883572470234
GD,1-year,48,MOR,percent,5,13.06908708882998,2.72827788483435,1.2201229623997898
GD,1-year,48,PHA,percent,5,7.816179066780458,1.808599616635001,0.8088303373751844
GD,1-year,48,ROS,fluorescence arbitrary units,5,112563.02,18943.30928341192,8471.705455302375
GD,1-year,48,THC,fold of genotype-age baseline mean,5,2.529737217558645,0.4475665661354092,0.200157853266986
GD,1-year,96,MOR,percent,5,2.247729047161476,0.6479252531736097,0.2897609820869905
GD,1-year,96,PHA,percent,5,2.5460959852783263,0.5339309217727287,0.2387811672745887
GD,1-year,96,ROS,fluorescence arbitrary units,5,113868.18,4677.456855706955,2091.822298236635
GD,1-year,96,THC,fold of genotype-age baseline mean,5,3.057384120242875,0.5288671507395925,0.2365165800240713
GD,1-year,168,MOR,percent,4,4.024571850147245,0.8413653447259425,0.4206826723629712
GD,1-year,168,PHA,percent,4,5.627674323428567,0.4665259720169561,0.233262986008478
GD,1-year,168,ROS,fluorescence arbitrary units,4,30099.975,2717.2546014620475,1358.6273007310238
GD,1-year,168,THC,fold of genotype-age baseline mean,4,4.607957090480772,0.4227411248134047,0.2113705624067023
GD,2-year,0,MOR,percent,5,2.550368090122616,1.093297966699276,0.4889377146403765
GD,2-year,0,PHA,percent,5,3.1251309385294723,0.8547569349926025,0.3822589221765656
GD,2-year,0,ROS,fluorescence arbitrary units,5,62733.31999999999,688.4624441463739,307.8897650133888
GD,2-year,0,THC,fold of genotype-age baseline mean,5,1.0,0.1837009674094344,0.0821535701319937
GD,2-year,24,MOR,percent,5,4.617095867376306,0.5139866856368192,0.2298618337227484
GD,2-year,24,PHA,percent,5,5.875696710051033,2.9513918901191127,1.319902578909585
GD,2-year,24,ROS,fluorescence arbitrary units,5,165801.06,14139.850669402427,6323.533457695947
GD,2-year,24,THC,fold of genotype-age baseline mean,5,0.9424631649445082,0.0931675003231678,0.0416657728032674
GD,2-year,48,MOR,percent,5,3.143026484344036,1.2331855217269794,0.5514973310900139
GD,2-year,48,PHA,percent,5,2.838920695983944,0.7847008473337467,0.3509288873279884
GD,2-year,48,ROS,fluorescence arbitrary units,5,78887.5,3575.1064893230805,1598.8362273854068
GD,2-year,48,THC,fold of genotype-age baseline mean,5,1.6148344814389588,0.2619134299549786,0.1171312467198923
GD,2-year,96,MOR,percent,5,1.0353816721842022,0.2056095965911986,0.0919514069608458
GD,2-year,96,PHA,percent,5,3.271579601227512,0.4529748618375528,0.2025765166334686
GD,2-year,96,ROS,fluorescence arbitrary units,5,164560.16,13191.56740452021,5899.448289255532
GD,2-year,96,THC,fold of genotype-age baseline mean,5,2.384406094527363,0.1153667860742685,0.0515935952015481
GD,2-year,168,MOR,percent,5,2.060638477683686,0.8599231501322209,0.3845693238242806
GD,2-year,168,PHA,percent,5,4.050759462974357,0.6780585605808701,0.3032370068368969
GD,2-year,168,ROS,fluorescence arbitrary units,5,78242.24,11205.522676252102,5011.262085503014
GD,2-year,168,THC,fold of genotype-age baseline mean,5,2.0147778734532467,0.2001682017573838,0.0895179412126806
GG,1-year,0,MOR,percent,5,1.707240097792074,0.6431252150038801,0.2876143397585687
GG,1-year,0,PHA,percent,5,4.910751520842898,1.349429748963524,0.6034833299085831
GG,1-year,0,ROS,fluorescence arbitrary units,5,61354.26,7569.1585710037825,3385.030619447925
GG,1-year,0,THC,fold of genotype-age baseline mean,5,1.0,0.2276619410785448,0.1018135152282356
GG,1-year,24,MOR,percent,5,7.593477669526398,1.4958890184229905,0.6689819063978483
GG,1-year,24,PHA,percent,5,7.615663895681467,1.930242166994192,0.8632305396871027
GG,1-year,24,ROS,fluorescence arbitrary units,5,137781.34,19831.47852211227,8868.90681395402
GG,1-year,24,THC,fold of genotype-age baseline mean,5,0.3632078089661584,0.0504908583649172,0.0225801983092537
GG,1-year,48,MOR,percent,5,33.941308031739204,2.195637544082142,0.981918960503672
GG,1-year,48,PHA,percent,5,19.10927558269444,2.643908145270102,1.1823916678178674
GG,1-year,48,ROS,fluorescence arbitrary units,5,112871.38,7971.935969198453,3565.158147880682
GG,1-year,48,THC,fold of genotype-age baseline mean,5,0.2551182167584743,0.0232539319030581,0.0103994744958778
GG,1-year,96,MOR,percent,5,27.93464409053361,1.5878387139934231,0.7101030603590281
GG,1-year,96,PHA,percent,5,3.76033603596784,2.017720254682302,0.9023519298095632
GG,1-year,96,ROS,fluorescence arbitrary units,5,253959.66,30937.691765757158,13835.756371033698
GG,1-year,96,THC,fold of genotype-age baseline mean,5,0.5565327940503115,0.0216412812630947,0.0096782752048944
GG,1-year,168,MOR,percent,5,17.426119011764815,6.092915186908649,2.724834507813715
GG,1-year,168,PHA,percent,4,5.8442608864486605,6.278275488754522,3.139137744377261
GG,1-year,168,ROS,fluorescence arbitrary units,5,77746.12,8125.267129270275,3633.729927278581
GG,1-year,168,THC,fold of genotype-age baseline mean,5,0.2606388145023657,0.0327235088375914,0.0146343980446339
GG,2-year,0,MOR,percent,5,1.977131395005092,0.4036183611188308,0.1805036184857527
GG,2-year,0,PHA,percent,5,4.407114883827639,1.2585085248797474,0.5628221223788201
GG,2-year,0,ROS,fluorescence arbitrary units,5,48287.86,5141.826285766569,2299.494620693861
GG,2-year,0,THC,fold of genotype-age baseline mean,5,1.0,0.1095721536275451,0.0490021567904482
GG,2-year,24,MOR,percent,5,6.5173305209329895,1.1318819659191917,0.5061930036602825
GG,2-year,24,PHA,percent,5,7.61484565788398,1.9337304309674972,0.8647905387606577
GG,2-year,24,ROS,fluorescence arbitrary units,5,72263.12000000001,20000.448634643173,8944.472545510998
GG,2-year,24,THC,fold of genotype-age baseline mean,5,0.3033481429217149,0.0391738808759306,0.0175190921162119
GG,2-year,48,MOR,percent,5,2.586511067118554,0.975862247413891,0.4364188643786357
GG,2-year,48,PHA,percent,5,6.021300010028005,2.395309735766446,1.0712150792681665
GG,2-year,48,ROS,fluorescence arbitrary units,5,44628.0,2343.2718077508653,1047.9430103779507
GG,2-year,48,THC,fold of genotype-age baseline mean,5,0.8936664204526663,0.1650708037503102,0.0738219076572442
GG,2-year,96,MOR,percent,5,7.910861509745777,1.3423785942928417,0.6003299576758809
GG,2-year,96,PHA,percent,5,7.507596253036786,1.395873312460336,0.6242535229278231
GG,2-year,96,ROS,fluorescence arbitrary units,5,60328.22,1875.4672036588647,838.7344313905329
GG,2-year,96,THC,fold of genotype-age baseline mean,5,0.9280408347757064,0.0821322149936552,0.0367306431736881
GG,2-year,168,MOR,percent,5,4.286870908893165,0.4634993684708586,0.2072832190858125
GG,2-year,168,PHA,percent,5,7.474025671312122,0.230419341282398,0.1030466620876331
GG,2-year,168,ROS,fluorescence arbitrary units,5,106761.16,2262.980144190404,1012.0354868284036
GG,2-year,168,THC,fold of genotype-age baseline mean,5,2.3949816441950458,0.1167730290942995,0.0522224861986829
