Figure 4F: GO enrichment of one-year-specific OD-high genes,,,,,,,,
,,,,,,,,
GO_ID,Description,Category,target_count,bg_count,fold_enrichment,gene_ratio,pvalue,padj
GO:0004483,mRNA (nucleoside-2'-O-)-methyltransferase activity,molecular_function,12,31,6.19354838709677,0.0089686098654708,1.56827437984028e-07,3.98341692479431e-05
GO:0004482,mRNA (guanine-N7-)-methyltransferase activity,molecular_function,12,33,5.81818181818182,0.0089686098654708,3.5077110463958e-07,4.13004261981789e-05
GO:0016714,"oxidoreductase activity, acting on paired donors, with incorporation or reduction of molecular oxygen, reduced pteridine as one donor, and incorporation of one atom of oxygen",molecular_function,8,14,9.14285714285714,0.0059790732436472,4.8780030942731e-07,4.13004261981789e-05
GO:0017111,nucleoside-triphosphatase activity,molecular_function,12,40,4.8,0.0089686098654708,3.66994595912366e-06,0.0002330415684043
GO:0016817,"hydrolase activity, acting on acid anhydrides",molecular_function,15,72,3.33333333333333,0.0112107623318386,3.16371293561208e-05,0.0016071661712909
GO:0070008,serine-type exopeptidase activity,molecular_function,12,56,3.42857142857143,0.0089686098654708,0.0001447609738957,0.0061282145615877
GO:0003968,RNA-directed RNA polymerase activity,molecular_function,12,58,3.31034482758621,0.0089686098654708,0.0002059315695055,0.0072890087128206
GO:0016597,amino acid binding,molecular_function,8,28,4.57142857142857,0.0059790732436472,0.0002295750775691,0.0072890087128206
GO:0016836,hydro-lyase activity,molecular_function,4,12,5.33333333333333,0.0029895366218236,0.0050118847890949,0.141446526270012
GO:0006030,chitin metabolic process,biological_process,15,118,2.03389830508475,0.0112107623318386,0.0067608068637793,0.168601600094441
GO:0008061,chitin binding,molecular_function,15,119,2.01680672268908,0.0112107623318386,0.0073016440985781,0.168601600094441
GO:0005230,extracellular ligand-gated ion channel activity,molecular_function,5,21,3.80952380952381,0.0037369207772795,0.0083011681570315,0.175708059323833
GO:0004553,"hydrolase activity, hydrolyzing O-glycosyl compounds",molecular_function,39,427,1.46135831381733,0.0291479820627803,0.0114418912698983,0.223556952504166
GO:0016805,dipeptidase activity,molecular_function,3,9,5.33333333333333,0.0022421524663677,0.0153894524128972,0.260594727525059
GO:0042710,biofilm formation,biological_process,3,9,5.33333333333333,0.0022421524663677,0.0153894524128972,0.260594727525059
GO:0001510,RNA methylation,biological_process,4,18,3.55555555555556,0.0029895366218236,0.0229668124965543,0.343151198477928
GO:0009452,RNA capping,biological_process,4,18,3.55555555555556,0.0029895366218236,0.0229668124965543,0.343151198477928
GO:0009288,bacterial-type flagellum,cellular_component,8,57,2.24561403508772,0.0059790732436472,0.024631285282837,0.347574803435589
GO:0004061,arylformamidase activity,molecular_function,3,11,4.36363636363636,0.0022421524663677,0.027525806989635,0.349295724245998
GO:0016810,"hydrolase activity, acting on carbon-nitrogen (but not peptide) bonds",molecular_function,5,28,2.85714285714286,0.0037369207772795,0.0279494200231607,0.349295724245998
GO:0005085,guanyl-nucleotide exchange factor activity,molecular_function,6,39,2.46153846153846,0.0044843049327354,0.0327335480617111,0.349295724245998
GO:0004609,phosphatidylserine decarboxylase activity,molecular_function,4,20,3.2,0.0029895366218236,0.0329442016563879,0.349295724245998
GO:0006094,gluconeogenesis,biological_process,4,20,3.2,0.0029895366218236,0.0329442016563879,0.349295724245998
GO:0006915,apoptosis,biological_process,3,12,4,0.0022421524663677,0.0350304477231484,0.349295724245998
GO:0019441,tryptophan catabolic process to kynurenine,biological_process,3,12,4,0.0022421524663677,0.0350304477231484,0.349295724245998
GO:0004252,serine-type endopeptidase activity,molecular_function,17,169,1.6094674556213,0.0127055306427504,0.0357546804346297,0.349295724245998
GO:0030261,chromosome condensation,biological_process,5,31,2.58064516129032,0.0037369207772795,0.0414625897110444,0.390055473577973
GO:0008121,ubiquinol-cytochrome-c reductase activity,molecular_function,3,14,3.42857142857143,0.0022421524663677,0.0528303360224087,0.477981134060388
GO:0051087,chaperone binding,molecular_function,6,44,2.18181818181818,0.0044843049327354,0.054572649164375,0.477981134060388
GO:0005975,carbohydrate metabolic process,biological_process,50,646,1.23839009287926,0.0373692077727952,0.0693154222997393,0.586870575471126
GO:0003993,acid phosphatase activity,molecular_function,20,226,1.41592920353982,0.0149476831091181,0.0739799488319269,0.588461204668839
GO:0019050,suppression by virus of host apoptosis,biological_process,3,16,3,0.0022421524663677,0.0741368446826884,0.588461204668839
GO:0000902,cell morphogenesis,biological_process,6,48,2,0.0044843049327354,0.0771436498697958,0.592959070965494
GO:0016702,"oxidoreductase activity, acting on single donors with incorporation of molecular oxygen, incorporation of two atoms of oxygen",molecular_function,7,60,1.86666666666667,0.0052316890881913,0.0793724740662472,0.592959070965494
GO:0003785,actin monomer binding,molecular_function,3,17,2.82352941176471,0.0022421524663677,0.0860009473620131,0.601148218243828
GO:0030127,COPII vesicle coat,cellular_component,5,38,2.10526315789474,0.0037369207772795,0.0860329885219961,0.601148218243828
GO:0004222,metalloendopeptidase activity,molecular_function,25,300,1.33333333333333,0.0186846038863976,0.0875688349410301,0.601148218243828
GO:0008757,S-adenosylmethionine-dependent methyltransferase activity,molecular_function,4,28,2.28571428571429,0.0029895366218236,0.0942935209547401,0.630277745329052
GO:0007160,cell-matrix adhesion,biological_process,8,78,1.64102564102564,0.0059790732436472,0.113387584231818,0.72805730203242
GO:0042128,nitrate assimilation,biological_process,4,30,2.13333333333333,0.0029895366218236,0.114654693233452,0.72805730203242
GO:0008233,peptidase activity,molecular_function,8,79,1.62025316455696,0.0059790732436472,0.119676206729027,0.741408695345681
GO:0009877,nodulation,biological_process,3,21,2.28571428571429,0.0022421524663677,0.140355759375945,0.829078206546277
GO:0019058,viral infectious cycle,biological_process,3,21,2.28571428571429,0.0022421524663677,0.140355759375945,0.829078206546277
GO:0004064,arylesterase activity,molecular_function,7,70,1.6,0.0052316890881913,0.146396683477268,0.845108127346049
GO:0009312,oligosaccharide biosynthetic process,biological_process,3,22,2.18181818181818,0.0022421524663677,0.155398452483874,0.877137931797867
GO:0006506,GPI anchor biosynthetic process,biological_process,4,34,1.88235294117647,0.0029895366218236,0.160409323341008,0.885738437578608
GO:0006888,ER to Golgi vesicle-mediated transport,biological_process,5,47,1.70212765957447,0.0037369207772795,0.168359419723274,0.885954524763097
GO:0008654,phospholipid biosynthetic process,biological_process,5,47,1.70212765957447,0.0037369207772795,0.168359419723274,0.885954524763097
GO:0016226,iron-sulfur cluster assembly,biological_process,3,23,2.08695652173913,0.0022421524663677,0.170912487060597,0.885954524763097
GO:0008176,tRNA (guanine-N7-)-methyltransferase activity,molecular_function,4,36,1.77777777777778,0.0029895366218236,0.185424896271101,0.938125593193064
GO:0042025,host cell nucleus,cellular_component,4,37,1.72972972972973,0.0029895366218236,0.198379023659324,0.938125593193064
GO:0005044,scavenger receptor activity,molecular_function,8,90,1.42222222222222,0.0059790732436472,0.200030568062204,0.938125593193064
GO:0008948,oxaloacetate decarboxylase activity,molecular_function,3,25,1.92,0.0022421524663677,0.203137431596923,0.938125593193064
GO:0015081,sodium ion transmembrane transporter activity,molecular_function,3,25,1.92,0.0022421524663677,0.203137431596923,0.938125593193064
GO:0071436,sodium ion export,biological_process,3,25,1.92,0.0022421524663677,0.203137431596923,0.938125593193064
GO:0015035,protein disulfide oxidoreductase activity,molecular_function,8,93,1.37634408602151,0.0059790732436472,0.225046118628351,0.976308041922326
GO:0006480,N-terminal protein amino acid methylation,biological_process,4,39,1.64102564102564,0.0029895366218236,0.225050497147471,0.976308041922326
GO:0018024,histone-lysine N-methyltransferase activity,molecular_function,3,27,1.77777777777778,0.0022421524663677,0.236608539389672,0.976308041922326
GO:0006400,tRNA modification,biological_process,4,40,1.6,0.0029895366218236,0.238716079116048,0.976308041922326
GO:0042470,melanosome,cellular_component,4,40,1.6,0.0029895366218236,0.238716079116048,0.976308041922326
GO:0009116,nucleoside metabolic process,biological_process,4,41,1.5609756097561,0.0029895366218236,0.252567368194866,0.976308041922326
GO:0015743,malate transport,biological_process,4,41,1.5609756097561,0.0029895366218236,0.252567368194866,0.976308041922326
GO:0003896,DNA primase activity,molecular_function,3,28,1.71428571428571,0.0022421524663677,0.253686341601864,0.976308041922326
GO:0005787,signal peptidase complex,cellular_component,3,28,1.71428571428571,0.0022421524663677,0.253686341601864,0.976308041922326
GO:0006323,DNA packaging,biological_process,3,28,1.71428571428571,0.0022421524663677,0.253686341601864,0.976308041922326
GO:0006465,signal peptide processing,biological_process,3,28,1.71428571428571,0.0022421524663677,0.253686341601864,0.976308041922326
GO:0007156,homophilic cell adhesion,biological_process,9,112,1.28571428571429,0.0067264573991031,0.266215524827495,1
GO:0030246,carbohydrate binding,molecular_function,9,113,1.27433628318584,0.0067264573991031,0.274646270332877,1
GO:0006891,intra-Golgi vesicle-mediated transport,biological_process,6,71,1.35211267605634,0.0044843049327354,0.283057728054356,1
GO:0016575,histone deacetylation,biological_process,3,30,1.6,0.0022421524663677,0.288293288223273,1
GO:0070823,HDA1 complex,cellular_component,3,30,1.6,0.0022421524663677,0.288293288223273,1
GO:0003779,actin binding,molecular_function,9,115,1.25217391304348,0.0067264573991031,0.291730988566091,1
GO:0016829,lyase activity,molecular_function,6,73,1.31506849315068,0.0044843049327354,0.305098393726538,1
GO:0006811,ion transport,biological_process,9,119,1.21008403361345,0.0067264573991031,0.326650307404823,1
GO:0008236,serine-type peptidase activity,molecular_function,7,90,1.24444444444444,0.0052316890881913,0.331544511506508,1
GO:0016746,"transferase activity, transferring acyl groups",molecular_function,5,61,1.31147540983607,0.0037369207772795,0.333248015286694,1
GO:0008053,mitochondrial fusion,biological_process,4,47,1.36170212765957,0.0029895366218236,0.33819834268971,1
GO:0007015,actin filament organization,biological_process,3,33,1.45454545454545,0.0022421524663677,0.340698263810342,1
GO:0005741,mitochondrial outer membrane,cellular_component,6,77,1.24675324675325,0.0044843049327354,0.349958695798018,1
GO:0004560,alpha-L-fucosidase activity,molecular_function,4,48,1.33333333333333,0.0029895366218236,0.352674018880596,1
GO:0032259,methylation,biological_process,4,48,1.33333333333333,0.0029895366218236,0.352674018880596,1
GO:0000921,septin ring assembly,biological_process,8,107,1.19626168224299,0.0059790732436472,0.353119624311126,1
GO:0005940,septin ring,cellular_component,8,107,1.19626168224299,0.0059790732436472,0.353119624311126,1
GO:0051537,"2 iron, 2 sulfur cluster binding",molecular_function,3,34,1.41176470588235,0.0022421524663677,0.358145580629955,1
GO:0046873,metal ion transmembrane transporter activity,molecular_function,9,123,1.17073170731707,0.0067264573991031,0.362295328942885,1
GO:0071973,bacterial-type flagellar cell motility,biological_process,4,50,1.28,0.0029895366218236,0.381607824847203,1
GO:0000166,nucleotide binding,molecular_function,18,264,1.09090909090909,0.0134529147982063,0.38600702891541,1
GO:0007030,Golgi organization,biological_process,9,126,1.14285714285714,0.0067264573991031,0.389309031433761,1
GO:0005801,cis-Golgi network,cellular_component,5,66,1.21212121212121,0.0037369207772795,0.396321212706531,1
GO:0016798,"hydrolase activity, acting on glycosyl bonds",molecular_function,5,66,1.21212121212121,0.0037369207772795,0.396321212706531,1
GO:0006418,tRNA aminoacylation for protein translation,biological_process,7,97,1.15463917525773,0.0052316890881913,0.404008792819727,1
GO:0000774,adenyl-nucleotide exchange factor activity,molecular_function,3,37,1.2972972972973,0.0022421524663677,0.409962818937565,1
GO:0004812,aminoacyl-tRNA ligase activity,molecular_function,7,98,1.14285714285714,0.0052316890881913,0.414393043886648,1
GO:0008324,cation transmembrane transporter activity,molecular_function,3,38,1.26315789473684,0.0022421524663677,0.426965671623895,1
GO:0016853,isomerase activity,molecular_function,3,38,1.26315789473684,0.0022421524663677,0.426965671623895,1
GO:0009378,four-way junction helicase activity,molecular_function,16,240,1.06666666666667,0.0119581464872945,0.431836508105461,1
GO:0006508,proteolysis,biological_process,31,480,1.03333333333333,0.023168908819133,0.45156699954562,1
GO:0017119,Golgi transport complex,cellular_component,6,86,1.11627906976744,0.0044843049327354,0.451727718552803,1
GO:0005219,ryanodine-sensitive calcium-release channel activity,molecular_function,4,55,1.16363636363636,0.0029895366218236,0.452982882180398,1
GO:0050662,coenzyme binding,molecular_function,13,196,1.06122448979592,0.0097159940209267,0.453599681817546,1
GO:0016787,hydrolase activity,molecular_function,41,641,1.02340093603744,0.0306427503736921,0.462118775592678,1
GO:0006874,cellular calcium ion homeostasis,biological_process,4,56,1.14285714285714,0.0029895366218236,0.466962933023239,1
GO:0006614,SRP-dependent cotranslational protein targeting to membrane,biological_process,8,119,1.07563025210084,0.0059790732436472,0.468407185158502,1
GO:0030001,metal ion transport,biological_process,9,136,1.05882352941176,0.0067264573991031,0.479301217056698,1
GO:0005783,endoplasmic reticulum,cellular_component,6,89,1.07865168539326,0.0044843049327354,0.485031200807051,1
GO:0042803,protein homodimerization activity,molecular_function,12,185,1.03783783783784,0.0089686098654708,0.489966134115021,1
GO:0004386,helicase activity,molecular_function,4,59,1.08474576271186,0.0029895366218236,0.508065070168068,1
GO:0030155,regulation of cell adhesion,biological_process,3,43,1.11627906976744,0.0022421524663677,0.508922846446559,1
GO:0030334,regulation of cell migration,biological_process,3,43,1.11627906976744,0.0022421524663677,0.508922846446559,1
GO:0045995,regulation of embryonic development,biological_process,3,43,1.11627906976744,0.0022421524663677,0.508922846446559,1
GO:0003854,3-beta-hydroxy-delta5-steroid dehydrogenase activity,molecular_function,5,76,1.05263157894737,0.0037369207772795,0.51928226302385,1
GO:0003887,DNA-directed DNA polymerase activity,molecular_function,5,76,1.05263157894737,0.0037369207772795,0.51928226302385,1
GO:0006694,steroid biosynthetic process,biological_process,5,76,1.05263157894737,0.0037369207772795,0.51928226302385,1
GO:0043401,steroid hormone mediated signaling pathway,biological_process,3,44,1.09090909090909,0.0022421524663677,0.524576796535168,1
GO:0000940,condensed chromosome outer kinetochore,cellular_component,3,46,1.04347826086957,0.0022421524663677,0.555035643526354,1
GO:0004867,serine-type endopeptidase inhibitor activity,molecular_function,3,46,1.04347826086957,0.0022421524663677,0.555035643526354,1
GO:0004866,endopeptidase inhibitor activity,molecular_function,9,145,0.993103448275862,0.0067264573991031,0.55751857502284,1
GO:0005525,GTP binding,molecular_function,52,846,0.983451536643026,0.038863976083707,0.571594733888154,1
GO:0003700,sequence-specific DNA binding transcription factor activity,molecular_function,36,590,0.976271186440678,0.0269058295964126,0.584911298954551,1
GO:0019354,siroheme biosynthetic process,biological_process,3,49,0.979591836734694,0.0022421524663677,0.598458098761594,1
GO:0043115,precorrin-2 dehydrogenase activity,molecular_function,3,49,0.979591836734694,0.0022421524663677,0.598458098761594,1
GO:0016705,"oxidoreductase activity, acting on paired donors, with incorporation or reduction of molecular oxygen",molecular_function,14,233,0.96137339055794,0.0104633781763827,0.599761244615258,1
GO:0007264,small GTPase mediated signal transduction,biological_process,26,431,0.965197215777262,0.0194319880418535,0.603646871425579,1
GO:0005179,hormone activity,molecular_function,3,50,0.96,0.0022421524663677,0.612299605607193,1
GO:0003724,RNA helicase activity,molecular_function,14,237,0.945147679324895,0.0104633781763827,0.625385418578349,1
GO:0003924,GTPase activity,molecular_function,40,666,0.960960960960961,0.0298953662182362,0.627695433684185,1
GO:0006950,response to stress,biological_process,4,70,0.914285714285714,0.0029895366218236,0.644377473241322,1
GO:0008484,sulfuric ester hydrolase activity,molecular_function,9,156,0.923076923076923,0.0067264573991031,0.645790630062621,1
GO:0003995,acyl-CoA dehydrogenase activity,molecular_function,3,53,0.905660377358491,0.0022421524663677,0.651865340436773,1
GO:0005876,spindle microtubule,cellular_component,3,53,0.905660377358491,0.0022421524663677,0.651865340436773,1
GO:0004190,aspartic-type endopeptidase activity,molecular_function,7,124,0.903225806451613,0.0052316890881913,0.663148981458107,1
GO:0006812,cation transport,biological_process,3,54,0.888888888888889,0.0022421524663677,0.66439361876405,1
GO:0045454,cell redox homeostasis,biological_process,7,125,0.896,0.0052316890881913,0.671365186020763,1
GO:0006779,porphyrin biosynthetic process,biological_process,3,55,0.872727272727273,0.0022421524663677,0.676590392028491,1
GO:0008168,methyltransferase activity,molecular_function,14,246,0.910569105691057,0.0104633781763827,0.679930154325224,1
GO:0006413,translational initiation,biological_process,3,57,0.842105263157895,0.0022421524663677,0.699991911408525,1
GO:0000287,magnesium ion binding,molecular_function,3,58,0.827586206896552,0.0022421524663677,0.711199688602096,1
GO:0046983,protein dimerization activity,molecular_function,8,148,0.864864864864865,0.0059790732436472,0.713456914382509,1
GO:0006310,DNA recombination,biological_process,17,304,0.894736842105263,0.0127055306427504,0.717137395263657,1
GO:0006457,protein folding,biological_process,8,149,0.859060402684564,0.0059790732436472,0.720420974633093,1
GO:0030170,pyridoxal phosphate binding,molecular_function,6,114,0.842105263157895,0.0044843049327354,0.724112306984004,1
GO:0003857,3-hydroxyacyl-CoA dehydrogenase activity,molecular_function,4,78,0.82051282051282,0.0029895366218236,0.726394410286652,1
GO:0070840,dynein complex binding,molecular_function,8,150,0.853333333333333,0.0059790732436472,0.72727117254541,1
GO:0007049,cell cycle,biological_process,10,186,0.860215053763441,0.007473841554559,0.732511573948124,1
GO:0005509,calcium ion binding,molecular_function,40,698,0.916905444126075,0.0298953662182362,0.739997373535766,1
GO:0006631,fatty acid metabolic process,biological_process,5,98,0.816326530612245,0.0037369207772795,0.740732404782429,1
GO:0006914,autophagy,biological_process,17,311,0.87459807073955,0.0127055306427504,0.750362768773513,1
GO:0022857,transmembrane transporter activity,molecular_function,7,136,0.823529411764706,0.0052316890881913,0.753258482335374,1
GO:0016485,protein processing,biological_process,6,118,0.813559322033898,0.0044843049327354,0.7540699715168,1
GO:0005882,intermediate filament,cellular_component,8,155,0.825806451612903,0.0059790732436472,0.759804967772891,1
GO:0005507,copper ion binding,molecular_function,4,82,0.780487804878049,0.0029895366218236,0.76173729624763,1
GO:0006397,mRNA processing,biological_process,7,139,0.805755395683453,0.0052316890881913,0.77284764099861,1
GO:0005886,plasma membrane,cellular_component,6,121,0.793388429752066,0.0044843049327354,0.774930857229748,1
GO:0005506,iron ion binding,molecular_function,17,317,0.858044164037855,0.0127055306427504,0.776741511155662,1
GO:0005615,extracellular space,cellular_component,9,176,0.818181818181818,0.0067264573991031,0.777691081554853,1
GO:0016788,"hydrolase activity, acting on ester bonds",molecular_function,5,103,0.776699029126214,0.0037369207772795,0.778894413450474,1
GO:0006520,cellular amino acid metabolic process,biological_process,3,65,0.738461538461539,0.0022421524663677,0.780740785436718,1
GO:0016627,"oxidoreductase activity, acting on the CH-CH group of donors",molecular_function,3,65,0.738461538461539,0.0022421524663677,0.780740785436718,1
GO:0051082,unfolded protein binding,molecular_function,9,178,0.808988764044944,0.0067264573991031,0.788665481789009,1
GO:0006281,DNA repair,biological_process,18,338,0.85207100591716,0.0134529147982063,0.79131241212088,1
GO:0043531,ADP binding,molecular_function,4,86,0.744186046511628,0.0029895366218236,0.7934248761953,1
GO:0016773,"phosphotransferase activity, alcohol group as acceptor",molecular_function,16,305,0.839344262295082,0.0119581464872945,0.799509761151114,1
GO:0007155,cell adhesion,biological_process,14,271,0.826568265682657,0.0104633781763827,0.805116435875724,1
GO:0020037,heme binding,molecular_function,14,275,0.814545454545455,0.0104633781763827,0.821364887754488,1
GO:0003774,motor activity,molecular_function,4,90,0.711111111111111,0.0029895366218236,0.821633668103752,1
GO:0005164,tumor necrosis factor receptor binding,molecular_function,4,90,0.711111111111111,0.0029895366218236,0.821633668103752,1
GO:0006576,cellular biogenic amine metabolic process,biological_process,4,91,0.703296703296703,0.0029895366218236,0.828167358904767,1
GO:0048193,Golgi vesicle transport,biological_process,3,71,0.676056338028169,0.0022421524663677,0.828791615682528,1
GO:0010508,positive regulation of autophagy,biological_process,6,130,0.738461538461539,0.0044843049327354,0.82950765441191,1
GO:0003743,translation initiation factor activity,molecular_function,3,72,0.666666666666667,0.0022421524663677,0.835856376846413,1
GO:0009405,pathogenesis,biological_process,8,170,0.752941176470588,0.0059790732436472,0.840502245046004,1
GO:0006396,RNA processing,biological_process,3,73,0.657534246575342,0.0022421524663677,0.842668314241827,1
GO:0016887,ATPase activity,molecular_function,29,548,0.846715328467153,0.0216741405082212,0.84859756938252,1
GO:0016757,"transferase activity, transferring glycosyl groups",molecular_function,4,95,0.673684210526316,0.0029895366218236,0.852340086079485,1
GO:0016616,"oxidoreductase activity, acting on the CH-OH group of donors, NAD or NADP as acceptor",molecular_function,8,179,0.715083798882682,0.0059790732436472,0.877579950756037,1
GO:0008146,sulfotransferase activity,molecular_function,7,161,0.695652173913043,0.0052316890881913,0.882614799372442,1
GO:0055114,oxidation-reduction process,biological_process,90,1610,0.894409937888199,0.0672645739910314,0.884391953792336,1
GO:0033179,"proton-transporting V-type ATPase, V0 domain",cellular_component,4,102,0.627450980392157,0.0029895366218236,0.887703604249531,1
GO:0043565,sequence-specific DNA binding,molecular_function,22,443,0.794582392776524,0.0164424514200299,0.893303637806636,1
GO:0008855,exodeoxyribonuclease VII activity,molecular_function,7,164,0.682926829268293,0.0052316890881913,0.893438028592861,1
GO:0006813,potassium ion transport,biological_process,3,82,0.585365853658537,0.0022421524663677,0.893664577842984,1
GO:0016459,myosin complex,cellular_component,3,85,0.564705882352941,0.0022421524663677,0.907034299734834,1
GO:0006629,lipid metabolic process,biological_process,5,128,0.625,0.0037369207772795,0.908270189438701,1
GO:0048870,cell motility,biological_process,5,132,0.606060606060606,0.0037369207772795,0.92120521787089,1
GO:0006270,DNA-dependent DNA replication initiation,biological_process,4,111,0.576576576576577,0.0029895366218236,0.922145616484737,1
GO:0007059,chromosome segregation,biological_process,4,111,0.576576576576577,0.0029895366218236,0.922145616484737,1
GO:0016301,kinase activity,molecular_function,11,255,0.690196078431373,0.0082212257100149,0.928170563386019,1
GO:0031514,motile cilium,cellular_component,5,135,0.592592592592593,0.0037369207772795,0.929820075218073,1
GO:0009058,biosynthetic process,biological_process,8,198,0.646464646464647,0.0059790732436472,0.932828852889406,1
GO:0071949,FAD binding,molecular_function,3,93,0.516129032258065,0.0022421524663677,0.935558712762926,1
GO:0051301,cell division,biological_process,3,94,0.51063829787234,0.0022421524663677,0.938491964711233,1
GO:0006606,protein import into nucleus,biological_process,8,203,0.630541871921182,0.0059790732436472,0.943136323681841,1
GO:0006260,DNA replication,biological_process,14,323,0.693498452012384,0.0104633781763827,0.945823269102876,1
GO:0019031,viral envelope,cellular_component,14,323,0.693498452012384,0.0104633781763827,0.945823269102876,1
GO:0006364,rRNA processing,biological_process,3,97,0.494845360824742,0.0022421524663677,0.946566337318223,1
GO:0015031,protein transport,biological_process,3,97,0.494845360824742,0.0022421524663677,0.946566337318223,1
GO:0008134,transcription factor binding,molecular_function,10,246,0.650406504065041,0.007473841554559,0.94794115401716,1
GO:0003899,DNA-directed RNA polymerase activity,molecular_function,4,122,0.524590163934426,0.0029895366218236,0.951191366383204,1
GO:0008138,protein tyrosine/serine/threonine phosphatase activity,molecular_function,5,145,0.551724137931034,0.0037369207772795,0.952782734084187,1
GO:0006955,immune response,biological_process,5,146,0.547945205479452,0.0037369207772795,0.954655090574162,1
GO:0051536,iron-sulfur cluster binding,molecular_function,3,101,0.475247524752475,0.0022421524663677,0.955803438843487,1
GO:0004725,protein tyrosine phosphatase activity,molecular_function,5,154,0.519480519480519,0.0037369207772795,0.967360401588734,1
GO:0051287,NAD binding,molecular_function,7,199,0.562814070351759,0.0052316890881913,0.968809901329878,1
GO:0005102,receptor binding,molecular_function,10,269,0.594795539033457,0.007473841554559,0.975445862778462,1
GO:0006412,translation,biological_process,5,161,0.496894409937888,0.0037369207772795,0.975690920980242,1
GO:0006470,protein dephosphorylation,biological_process,5,161,0.496894409937888,0.0037369207772795,0.975690920980242,1
GO:0015078,hydrogen ion transmembrane transporter activity,molecular_function,4,138,0.463768115942029,0.0029895366218236,0.976036131222173,1
GO:0050660,flavin adenine dinucleotide binding,molecular_function,6,185,0.518918918918919,0.0044843049327354,0.977051498775219,1
GO:0019028,viral capsid,cellular_component,14,353,0.634560906515581,0.0104633781763827,0.977285144645748,1
GO:0004674,protein serine/threonine kinase activity,molecular_function,4,140,0.457142857142857,0.0029895366218236,0.97812691488006,1
GO:0005680,anaphase-promoting complex,cellular_component,3,116,0.413793103448276,0.0022421524663677,0.978729115904023,1
GO:0015991,ATP hydrolysis coupled proton transport,biological_process,5,165,0.484848484848485,0.0037369207772795,0.979514523028366,1
GO:0035556,intracellular signal transduction,biological_process,7,214,0.523364485981308,0.0052316890881913,0.982454606155345,1
GO:0008033,tRNA processing,biological_process,3,122,0.39344262295082,0.0022421524663677,0.984244653855221,1
GO:0016491,oxidoreductase activity,molecular_function,36,795,0.724528301886792,0.0269058295964126,0.98611533175158,1
GO:0005840,ribosome,cellular_component,4,152,0.421052631578947,0.0029895366218236,0.987475329469286,1
GO:0055085,transmembrane transport,biological_process,33,744,0.709677419354839,0.0246636771300448,0.987722891048081,1
GO:0019001,guanyl nucleotide binding,molecular_function,3,128,0.375,0.0022421524663677,0.988374667055839,1
GO:0031683,G-protein beta/gamma-subunit complex binding,molecular_function,3,128,0.375,0.0022421524663677,0.988374667055839,1
GO:0042981,regulation of apoptosis,biological_process,3,128,0.375,0.0022421524663677,0.988374667055839,1
GO:0004871,signal transducer activity,molecular_function,6,203,0.472906403940887,0.0044843049327354,0.989103919091091,1
GO:0003735,structural constituent of ribosome,molecular_function,4,157,0.407643312101911,0.0029895366218236,0.990117534618181,1
GO:0016567,protein ubiquitination,biological_process,3,139,0.345323741007194,0.0022421524663677,0.993401332588716,1
GO:0006886,intracellular protein transport,biological_process,16,435,0.588505747126437,0.0119581464872945,0.993759346259691,1
GO:0004930,G-protein coupled receptor activity,molecular_function,3,141,0.340425531914894,0.0022421524663677,0.994053833195966,1
GO:0016192,vesicle-mediated transport,biological_process,7,241,0.464730290456432,0.0052316890881913,0.994134778477996,1
GO:0005577,fibrinogen complex,cellular_component,6,219,0.438356164383562,0.0044843049327354,0.994535152717994,1
GO:0030168,platelet activation,biological_process,6,219,0.438356164383562,0.0044843049327354,0.994535152717994,1
GO:0051258,protein polymerization,biological_process,6,219,0.438356164383562,0.0044843049327354,0.994535152717994,1
GO:0006355,"regulation of transcription, DNA-dependent",biological_process,55,1192,0.738255033557047,0.0411061285500747,0.994700415367522,1
GO:0006810,transport,biological_process,27,666,0.648648648648649,0.0201793721973094,0.99529071534493,1
GO:0030674,"protein binding, bridging",molecular_function,6,224,0.428571428571429,0.0044843049327354,0.995616577813685,1
GO:0004842,ubiquitin-protein ligase activity,molecular_function,7,248,0.451612903225806,0.0052316890881913,0.9956344098227,1
GO:0003677,DNA binding,molecular_function,65,1410,0.737588652482269,0.0485799701046338,0.997383857496539,1
GO:0007186,G-protein coupled receptor protein signaling pathway,biological_process,8,285,0.449122807017544,0.0059790732436472,0.99752241650558,1
GO:0008017,microtubule binding,molecular_function,3,159,0.30188679245283,0.0022421524663677,0.99770317325335,1
GO:0003723,RNA binding,molecular_function,30,753,0.637450199203187,0.0224215246636771,0.997815449167436,1
GO:0006351,"transcription, DNA-dependent",biological_process,3,171,0.280701754385965,0.0022421524663677,0.998796987853551,1
GO:0042157,lipoprotein metabolic process,biological_process,4,201,0.318407960199005,0.0029895366218236,0.998883374943463,1
GO:0008289,lipid binding,molecular_function,6,260,0.369230769230769,0.0044843049327354,0.999155647907517,1
GO:0005737,cytoplasm,cellular_component,18,548,0.525547445255474,0.0134529147982063,0.999429460338085,1
GO:0003676,nucleic acid binding,molecular_function,41,1022,0.64187866927593,0.0306427503736921,0.999475521319627,1
GO:0006869,lipid transport,biological_process,6,277,0.346570397111913,0.0044843049327354,0.999624174544038,1
GO:0004672,protein kinase activity,molecular_function,20,611,0.523731587561375,0.0149476831091181,0.999714576954153,1
GO:0006468,protein phosphorylation,biological_process,21,636,0.528301886792453,0.015695067264574,0.999746258221855,1
GO:0016020,membrane,cellular_component,97,2175,0.713563218390805,0.0724962630792227,0.99993950014036,1
GO:0007165,signal transduction,biological_process,24,744,0.516129032258065,0.0179372197309417,0.999944068344282,1
GO:0005524,ATP binding,molecular_function,94,2181,0.689591930307199,0.070254110612855,0.999985850818808,1
GO:0005622,intracellular,cellular_component,20,720,0.444444444444444,0.0149476831091181,0.999995350304904,1
GO:0005634,nucleus,cellular_component,34,1082,0.502772643253235,0.0254110612855007,0.999999233477665,1
GO:0046872,metal ion binding,molecular_function,49,1457,0.538091969800961,0.0366218236173393,0.999999881025848,1
GO:0008270,zinc ion binding,molecular_function,55,1691,0.5204021289178,0.0411061285500747,0.999999997083088,1
GO:0016021,integral to membrane,cellular_component,86,2380,0.578151260504202,0.0642750373692078,0.999999999401869,1
GO:0005515,protein binding,molecular_function,221,5710,0.619264448336252,0.165171898355755,1,1
