sample_id,age,genotype,condition,group,antiquewhite4,bisque4,black,blue,blue2,brown,brown2,brown4,coral1,coral2,cyan,darkgreen,darkgrey,darkmagenta,darkolivegreen,darkolivegreen4,darkorange,darkorange2,darkred,darkseagreen4,darkslateblue,darkturquoise,darkviolet,firebrick4,floralwhite,green,greenyellow,grey,grey60,honeydew1,indianred4,ivory,lavenderblush3,lightcoral,lightcyan,lightcyan1,lightgreen,lightpink4,lightsteelblue,lightsteelblue1,lightyellow,magenta,maroon,mediumorchid,mediumpurple2,mediumpurple3,midnightblue,navajowhite2,orange,orangered3,orangered4,paleturquoise,palevioletred2,palevioletred3,pink,plum,plum1,plum2,plum3,purple,red,royalblue,saddlebrown,salmon,salmon2,salmon4,sienna3,skyblue,skyblue1,skyblue2,skyblue3,steelblue,tan,thistle,thistle1,thistle2,thistle3,turquoise,violet,white,yellow,yellow4,yellowgreen
dd_1,1-year,DD,Infected,1-year_DD_Infected,-0.124876601586255,0.237926489738436,0.0150582536915318,-0.427317715857809,-0.0704444632408639,0.312492483273961,-0.0535529435170168,-0.0868086876591162,-0.123405281954263,-0.0427134501274339,0.131292660974211,0.135897706269351,-0.110652779872279,0.196545673524487,0.0668922038802756,0.273926057438491,-0.264573765614646,-0.105385661153093,-0.0988690391371206,-0.0041354354513505,0.0367498999717799,-0.283393027604928,0.140783909322776,0.0217043972429191,-0.239998859489863,0.115332983343218,0.129957353711387,-0.0571723871522167,-0.0696563529230763,0.162145259845385,0.0412895985439708,-0.249009585031244,0.0364609727749625,-0.267573468213818,-0.320576919537909,-0.0998749017749073,0.163739815591006,-0.210209147027423,-0.0562823844087722,0.150083543313635,-0.187790455911204,-0.261526341690215,-0.130484125891765,0.0428949569408559,0.0697300017259269,0.361637923937464,0.187320843227422,0.0322170860704679,0.0408202098899338,0.0330283781252006,0.15392751382342,0.134458681351432,0.0547855492864825,-0.288595512488325,0.391822915856304,0.0690761112590142,-0.14830925828753,0.0348994496113932,-0.178739918835368,0.0525074902340175,-0.401105212597896,0.00223001664584817,0.0734113622202593,0.213873517926271,-0.266485931095111,0.260854644181437,-0.0183098632195078,-0.386953784930723,0.166344819290255,0.027737387258196,-0.0585661408243952,0.343374561298261,-0.285280142761339,-0.0602946774975878,0.00629135137467974,-0.037917003168858,-0.170376373743785,-0.239395398234563,-0.154540386112415,-0.0987623534608316,0.117819101576695,0.056596374043424,-0.102533856200279
DD_1,2-year,DD,Infected,2-year_DD_Infected,0.218135716976259,0.131465889481762,0.252653535228185,0.235277184581887,-0.0115217479132024,-0.206385724551574,0.257138193212929,-0.0517501658080066,0.0018993599479822,0.149677942222505,0.109963930576481,-0.00187918438466474,0.0134929252200597,0.00304230071798946,-0.0706137713871838,-0.385143110568737,-0.0863546122433217,-0.0148838253427392,-0.217542811696976,0.0569416364199449,0.0227129547501295,0.354984795314862,0.00468745897163603,0.145855003942151,-0.018486705067388,-0.0195705975895301,0.0687134016152048,0.0419061987782191,0.340508800309079,0.0171569060629743,0.123777768718197,0.336090644558621,0.0700015889634615,-0.104629483202573,0.291307700699897,0.0213775774183463,-0.0943909410164611,-0.0884376792623756,0.0841777169424665,-0.0694352455851246,-0.074014703349583,0.236240326901524,0.15145942027331,0.0486228427283043,-0.0971213379454108,0.0162292975935813,0.197726015695954,0.141984167002425,0.119696380961675,0.230621679443464,-0.156879935721173,-0.133408105067546,-0.0495503642763929,-0.237262840966967,-0.0320618379407621,0.0145399589408858,0.235743063170906,-0.0017129407565449,-0.240518291045374,0.227485829715448,0.226828368382905,-0.092865353401045,-0.0262466457014754,0.15545513208664,0.134526048855591,-0.151046943256677,-0.230637001475337,0.191916126173435,-0.0873867634447205,-0.0567656648580797,0.0768143392677196,0.1264452082667,0.0898354918795654,0.00634327381913827,0.00762124912169717,-0.0313800028419083,0.179294220002471,-0.135703062820429,0.266952066227501,-0.0700237246177309,0.0773569641217334,0.173743913468863,0.143615240016545
dd_2,1-year,DD,Infected,1-year_DD_Infected,-0.123207707999312,-0.0841886351185955,-0.0794050274478666,-0.368069621163761,-0.0934944056155404,0.359403886807289,-0.00923227693049674,-0.0386415147970491,-0.0986686933739972,-0.314613845935863,0.106186536647679,0.139769439791948,-0.153545352887905,0.165928295459441,-0.0015002719413825,0.210116330326467,-0.056942784084797,-0.109060049064133,0.118066979157907,0.0106123242821033,0.0114239439997092,-0.179479821916356,0.125156033498925,0.108961405847275,-0.0857442365752839,0.0657014498353749,0.148490407520661,-0.0442471613225141,-0.121458554785487,0.105427076405089,-0.0947081014245875,-0.201661628369255,0.0724000134478821,0.0246890361349451,-0.308105024038742,-0.10747015552378,0.347985721464991,-0.268749245088904,-0.0716390790502474,0.120620083379259,-0.0586319208259714,-0.233072698889855,-0.171938734992699,0.0576799496070078,0.0258771555233713,0.114710563979867,0.123839743767806,-0.0670249857071235,0.0242829119042116,-0.383661349830349,0.117045175381747,0.0875648200577033,-0.047426250859571,-0.206118117257226,0.302348766305199,0.0208044373913972,-0.21561113663554,0.0134209587532342,-0.174922092782679,-0.065385937688119,-0.346203762306907,-0.0255780970535529,0.0337861613057104,0.19692222916774,-0.280256338644365,0.254406324862708,0.118102029682245,-0.211215651799342,0.160021450178504,0.0520014549149552,-0.0714551342273211,0.246462210422407,-0.265916793164899,-0.0149384317284941,0.0633405643181344,0.00386776679328336,-0.147610059856157,0.0871281259198487,-0.0996219304212419,-0.123107067280962,-0.0607021822071027,-0.464596492868549,-0.153139413995185
DD_2,2-year,DD,Infected,2-year_DD_Infected,0.200832833088888,0.00405280820324941,-0.207856014832365,0.212058864978622,0.0339029483122722,-0.269802709342673,-0.279790493792467,-0.0495869886630133,-0.0242586246554838,-0.0102767181297103,0.0852561868847358,0.038002146287994,0.0429718591853535,-0.0916556626618751,-0.11150567039149,0.187641427050332,-0.00103137701424984,0.0973658695787521,0.440216461366054,0.0539616400759413,0.0272628289768855,-0.035870776236742,0.142425653584828,-0.0015323223374955,0.202895299355656,-0.135013080416082,0.0707824112404039,0.0239368811265912,0.0961742221762991,0.059864865747211,0.139682577091258,-0.0898536522799463,0.0819827940762449,0.00529190818070472,0.288072597810931,-0.0122264084855345,0.102805148681774,-0.076280438844402,0.0178851123089411,0.0728182550039458,0.358476413458249,0.20071399930827,0.152419832723948,0.231257739504448,-0.0807415740793018,-0.188379281770226,-0.0547121640380297,0.0416887320260331,0.13464441305332,0.134322960210994,0.160027235873133,-0.173745331747556,0.0607187591539058,0.353725984709021,0.119748440777464,0.104373737168449,-0.025367483545232,0.0258771913083701,0.589141699692519,0.0923054978010129,0.0949004028485293,-0.0805095870199466,-0.0111166767550411,0.308200453313536,0.0777444038171891,-0.127129975677915,-0.0766331231229788,-0.20568598365228,0.021880663752448,0.0667928163588322,0.0268386178613211,-0.390995565365482,0.0441770871676088,0.228407577988303,0.0577005999059203,0.0428934615021673,-0.353906574240166,0.0904380140766367,0.303993692039988,-0.078771530097937,-0.0781488436903347,0.0761209347628464,0.0931079469747792
dd_3,1-year,DD,Infected,1-year_DD_Infected,-0.193856489352058,0.364545707900357,0.00494547764971282,-0.443730745198047,-0.0617368005899165,0.0165099154082488,-0.101870613775982,-0.0773145942847397,-0.128245001612951,0.158905816307666,0.127697577982018,0.0984271222749709,-0.177623475247603,0.17149398017734,0.115878524657567,0.241289859987144,-0.433011948358056,-0.148515186626258,0.0384274231622438,-0.105290524404416,0.058104263168929,-0.238235053123634,0.131534616204795,-0.588712629886711,-0.230395845628799,0.110670590131634,0.144717067929364,-0.0552117362889536,-0.0723905784658878,0.200138327954763,0.0395744419944719,-0.286005322786852,0.0517393301652682,-0.122146398481953,-0.29282816904026,-0.0848800376880828,-0.440712029039121,-0.224716119449112,-0.0810852765987082,0.104549944257604,-0.308192585379933,-0.229814992207656,-0.15807337224649,0.0150702889927849,-0.0111696246979501,0.461232519998253,0.223429674393519,0.0883189129208638,0.0198270473222929,0.228511297403665,0.114439140915825,0.148203490218349,0.0896789096264815,-0.324190758424783,0.460836742233761,0.0877552870894621,-0.220843132971309,0.0436883828585938,-0.144806711158485,0.108088751038636,-0.386578072011208,0.0221676590281038,0.0879574615427435,0.188211487342395,-0.203509498647019,0.172563969893105,-0.0336467632641986,-0.279809678614154,0.104963823438,0.0171584775919135,-0.0815414069306375,0.438419324114378,-0.252378428023933,-0.28058782057217,0.0292589489879804,-0.0318077855107429,-0.185921679012528,0.0110385989972724,-0.192481949400421,-0.102986030147888,0.189689807757489,0.33396495600543,-0.0791781472435674
DD_3,2-year,DD,Infected,2-year_DD_Infected,0.20745291742122,0.0789389703482633,0.294614687831716,0.250612937988663,-0.0968879451027352,-0.0478327408845627,0.320343373806875,-0.0138696661115171,0.0127305415249382,-0.00976833131583819,0.100212834586488,-0.00837766053100618,-0.0185808790480584,-0.022877424546207,-0.0729456486602394,-0.172568866904732,0.0949044112197022,-0.036545606032189,-0.201286997616498,0.151456013966228,0.047722133414885,0.192247909738951,-0.154925428439568,-0.0125398139120309,0.124074916856178,-0.0848886420881531,0.0842168913747059,-0.00764434147229958,0.440288407918709,0.0156121094484608,0.103196593205593,0.32343904566861,0.0786474117851849,-0.153755300389011,0.204490519573828,0.0373488708249606,0.162212794020618,-0.195463853756597,0.159627470678088,-0.248832356470138,0.124353564080486,0.203736825110108,0.120504359093494,0.0472700165969268,-0.0344932756791641,-0.109111488316417,0.248060750064468,-0.0274267308360975,0.0976696653863537,0.187261711181179,0.130098889859286,-0.127658274998712,0.00679549460912685,-0.176595092940251,-0.191358246631341,0.0906124213232454,0.133850793356142,0.057031431747339,0.329611958362636,-0.250458907195862,0.106687759433336,-0.095984278605237,-0.0180876449226316,0.229365555658715,0.139000560258094,-0.254047013690755,-0.085407900781328,0.169452701542834,-0.0116396770474604,-0.0149122301788973,0.179934528589524,0.0139144398969556,0.0708725608846978,0.308593085387694,0.0639068073326381,0.0187047472103376,0.301302368718227,-0.415082302863546,0.0465334173467521,-0.0680575091023775,-0.222100845814389,0.0880130542563633,0.0978591029061528
dd_c_1,1-year,DD,Control,1-year_DD_Control,0.173199531342668,-0.231274737799586,-0.325483019404525,-0.0469380452119826,0.00766879958920809,-0.36546199467965,-0.366450707807475,0.0530645166222183,0.0416207201042717,-0.131803418468572,-0.0813555734475014,-0.0486545335623399,0.0818755193873609,-0.0405703184351513,0.11017719347981,0.00951914589509554,0.0476665548714535,-0.00091926632038124,-0.231826299603397,-0.0986960263511492,-0.0822481614497507,-0.276627906060125,-0.0134679874591335,0.120904730593785,-0.0732963952535399,0.123369515154473,-0.08629247603933,0.0262384952675511,-0.427458971902142,-0.0780413957962209,-0.0762766640056059,0.341683665061962,-0.0610289883122702,0.294633603836884,0.0234087390269441,0.00750996239029911,-0.382729731493324,0.195797874451517,-0.0967728356858351,0.0535305414936566,-0.151786305852138,0.0831437598178717,-0.0787784559233292,-0.137486602719678,0.138794374074742,0.177669317800098,-0.503626320719095,-0.0294940032176141,-0.0874878754208449,0.0169343171952101,-0.504988599011033,-0.040036789613011,-0.185058959551907,-0.0959748650174661,-0.261542697519971,-0.0341894557672139,0.273252708917902,0.00829169728787548,-0.0466230862076019,0.183918497611464,0.245660649275404,0.0874305784639633,0.0223691844200786,-0.195012114142242,-0.0852456836253205,-0.363207333220929,0.265624887600365,0.310252273124751,-0.10802068639579,0.0685349630357205,-0.109292895339779,-0.187972530609033,0.0748154409300174,0.35246223222957,-0.094804911142943,-0.00399018539122382,0.286438042305099,0.39467112150509,-0.188871677190769,0.129059038291194,0.11703990119,-0.0532286698513088,-0.0895934102066412
DD_C_1,2-year,DD,Control,2-year_DD_Control,-0.427512817746885,-0.310348348108206,0.0148015202295534,0.148169656729751,0.0276857581016003,-0.282551508560083,-0.310740715516754,0.126044168530826,0.0613394111918571,0.223989030174569,-0.163587084586396,-0.158508129270228,0.0785982891571002,-0.145564110251519,-0.052673025880143,0.247994988250305,0.269254294269537,0.0848555329752154,0.463203853069117,0.0243229572877633,0.0347640316258213,-0.306572255030199,-0.0496172583478613,-0.284598723570542,0.340844701951276,-0.237121022134092,-0.107089905857853,0.022685111421764,-0.361946262112824,-0.216171951116414,0.229800197251218,-0.198902841245656,-0.0568591353497623,0.274937564592951,0.242161844840343,0.0908652413800361,0.261065945252045,0.177364680865682,0.136174523893376,-0.0659784379863542,0.380481593429725,-0.137191365821888,0.147210493340745,-0.0509623926087286,-0.0795807934101374,-0.344319288410307,0.145863626640645,-0.163527260371604,-0.0493515060401327,-0.183806993033616,0.188022356058058,-0.0525774436026556,0.170002369372296,0.320504487769961,-0.0890799191154433,-0.122317179885202,-0.262101757972333,-0.0484413836666849,-0.221989687370871,-0.38879947447177,-0.227963567736215,-0.0113171443283109,-0.0767951126358497,-0.284182021695644,-0.0397573372265007,0.276455692396938,0.0752493464197482,0.252525929303634,0.0405598534684462,-0.0543649395870063,0.186529282576881,-0.241206473236426,0.123789185695512,-0.393318042083182,0.147928439417426,0.051438677701444,-0.390969715696942,0.0303030005129209,0.484064021731378,0.045289368394411,-0.434263024046264,0.13554528496034,0.126780274345409
dd_c_2,1-year,DD,Control,1-year_DD_Control,-0.203948368164789,-0.209728775954604,-0.188105018677579,0.110811058438668,0.0909503593173996,0.29655775023755,0.260958170225396,-0.0063091251586286,0.0827779440720784,-0.207597077160513,-0.0789354073033217,-0.0120589022634196,0.0240580587822309,-0.00520171131718392,0.0680615382648916,-0.203292343017028,0.137024498017675,-0.0332507870093877,-0.196432130207028,-0.109086906377603,-0.0543247308470616,0.274991556533739,-0.144807919984629,0.160820499652843,-0.0985626365028849,0.0696567885292926,-0.0907677641863656,0.0204547107451298,-0.0414134510701511,-0.065460083143692,-0.230128908376131,0.190537024151354,-0.079414956434281,0.126497675480891,-0.221412035842668,-0.028398657228971,-0.0599430562871756,0.148425740576434,-0.0495487437547489,-0.0227138423518801,-0.109143101228031,0.0110664363468979,-0.137779360047587,-0.112434619099152,0.125097781166247,-0.154000691294997,-0.38492417649865,0.00128194077580062,-0.108132043768039,-0.200802800649011,-0.18549875293754,0.0218193286580192,-0.135849780889664,0.28798383388589,-0.293217005411804,-0.0639566323203541,0.00995256438202681,-0.0390412161241262,-0.129620186356988,-0.136466747243445,0.300315755396989,0.057663718282972,-0.0144121711353294,-0.232528758184502,0.0890732817094726,0.0369246805393277,0.205108709233571,0.118772334658092,-0.0927081559200187,0.0368278177141081,-0.120825378716167,-0.243534450392615,0.0211279568725341,0.0469023872068609,-0.155558177361072,-0.0191436022746509,0.195321197340049,0.268519532096907,-0.125274564372944,0.161658337606102,0.0830824638772627,-0.270111299196588,-0.0818183627847802
DD_C_2,2-year,DD,Control,2-year_DD_Control,0.10276988118435,-0.0794872173458305,-0.105517674495345,0.111684607059614,0.0707096542012632,0.139897563643268,-0.298630382660196,0.0566623760319326,0.0404560501858044,0.00559154840736155,-0.146616515983582,-0.115238604417553,0.081439455390685,-0.138196459187104,-0.119104479317266,0.214908919292052,0.131226696144436,0.205483259365754,0.391829206441569,0.0866842742147217,-0.0287979877567991,-0.241879515971197,-0.15758572556325,-0.208582597323358,0.333317861545383,-0.165044710646029,-0.138197276854061,0.0366490999331715,-0.158521803748551,-0.127166035914081,0.00860892084394473,-0.172287144023658,-0.0506705976093178,0.0350007834859112,0.100444183593988,0.0838534221828889,0.233112193330118,0.161943125311676,0.0893626358673472,0.0379875531153378,0.424993509849593,0.0226583591539957,0.102586403406624,-0.00610254352637984,-0.0377799393943654,-0.301471672588795,0.0895777116942161,-0.044623271475245,-0.0392979197808269,-0.141969165391167,0.17014201443568,0.057654085712235,0.159987746016079,0.23053553992088,0.0281913231044906,-0.0669909266421855,-0.254012509717072,-0.00121165323029782,0.416477583498866,-0.259695287636773,-0.0831646894033125,0.000557297173812589,-0.0296011860945995,-0.161810425931554,0.0536703405017755,0.0338935157287392,-0.007755582744033,-0.104221864121669,0.0222032030324933,-0.0604150952752072,0.0734307242971315,-0.151596102114147,0.14112983753061,-0.0665209250281454,0.00672145645925625,0.0284935602852307,-0.20696633194709,0.101434371496929,-0.0689366954801461,0.0028114142837238,-0.340859545776823,-0.13439925285467,-0.0153476211289511
dd_c_3,1-year,DD,Control,1-year_DD_Control,-0.1265189319004,-0.00818811326124913,0.0180820143057965,0.186816721146094,0.114070554682348,0.317959407657379,0.419271605519284,0.0514484867975133,0.0873804660660355,-0.135026026962226,-0.0383017988688481,0.0475946575212951,0.0769551801879926,0.0461587429590162,0.0660805242804599,-0.335073863150023,0.186191491967861,-0.0306878612730808,-0.181569343792065,-0.03902250684534,-0.0237889215712659,0.358246931636151,0.00332227654104507,0.24691646277343,-0.107170201952411,0.126737590557651,-0.0450651653550768,-0.0270976053832676,0.0642415942571389,-0.00243127351240012,-0.206639595198177,0.255607335571018,-0.0668140680923396,-0.168615621986298,-0.192838440007267,-0.00212424778655729,0.0405597984734027,0.160963046750639,-0.0831513223309852,-0.0598446577895595,-0.0582984841927367,0.0735056314462885,-0.105028998226131,-0.0712729437764301,0.104295138915699,-0.0897565463504958,-0.233896721352838,0.0363951720595514,-0.0791975991369564,-0.120438687117168,0.101117727173018,0.07169577937388,-0.101716700144498,0.325085684860526,-0.242728597113166,-0.0399910850948003,0.112266273118234,-0.0423231922698069,-0.0268924586442067,0.0829909580750018,0.30078100533189,0.101940014979031,0.0134085393437957,-0.208319527460409,0.216012748163542,0.105380843031507,-0.0171467778299992,0.0352947310834906,-0.00750913077527148,0.015342989625101,-0.109796287681639,-0.204177978475918,0.0632385580895538,0.27906616002367,-0.106728090851308,6.57801021245785e-05,0.155697505041914,-0.172134404788034,-0.0513228406988775,0.164062567042919,0.130217577150436,-0.190642732114194,0.0159758941583204
DD_C_3,2-year,DD,Control,2-year_DD_Control,0.297530036736312,0.106285961916004,0.306211265921185,0.0306250965082997,-0.0109027117418333,-0.270786329009154,0.162556791235905,0.0370611944995804,0.0463731085037274,0.313634530988056,-0.151813347461965,-0.114974057716348,0.0610111997450626,-0.139103306439234,0.00125288301470058,-0.289318544599367,-0.0243534591755922,0.0915435809015409,-0.324217301143806,-0.0277474468168438,-0.0495802542832622,0.381587162719479,-0.0275056283295625,0.290803586977733,-0.147477899238323,0.030169135322243,-0.17946494509904,0.0195027343468255,0.311632950346894,-0.071073805981076,-0.0781768286441526,-0.249637541274954,-0.0764443654150331,0.0556697005613654,0.185875002920916,0.0940193342913018,-0.333705658977873,0.219362015472866,-0.0487478178609211,-0.0727853803803812,-0.340447524078457,0.030540060524657,0.107902538489883,-0.0645366926399577,-0.122907906199656,0.0555593454219767,-0.038658982875418,-0.00978975924745772,-0.0734736843709875,0.199998652461597,-0.287452765850421,0.00602975965786165,-0.0223667723423381,-0.189098344051261,-0.192959884544732,-0.0597166734626968,0.361179876183804,-0.050478725519345,-0.171118809152447,0.353509329760389,0.169841363386486,0.0342651758343619,-0.0546732715876612,-0.210175528080947,0.165227405932652,-0.245048404787487,-0.194547960498547,0.10967286723193,-0.208709399576886,-0.0979379765996361,0.0079297511273614,0.250867356194919,0.174589244900072,-0.406114819745656,-0.0256782375624096,-0.0212254144072036,0.337697401088908,-0.0212175958990329,-0.220493153668806,0.0388274890893769,0.420868625861298,0.248993929388044,0.0442723531581973
gd_1,1-year,GD,Infected,1-year_GD_Infected,0.118274631028324,0.000736307059607366,0.154343152991498,0.116201262664687,0.224240685058821,-0.103127460365104,-0.209374287390663,0.10584701690592,-0.0250068337483784,-0.0343533702389911,0.0768320540489423,-0.359525434249772,0.150852601284646,0.249433313507377,0.0822186274656047,0.17372666611103,0.0409322615657167,0.198462006085251,-0.0413924409116486,0.0922083810626807,-0.311269291722446,-0.0555852008289677,-0.0182437170258158,0.0155571947261915,0.0906568166432671,0.148504397149017,-0.225589859306587,-0.694870155106524,-0.0463003802995437,-0.00346796837861562,0.348177633570459,-0.0221328869656029,-0.204477720838224,0.0325387586144857,0.169786614741949,-0.04357810134215,0.101496785504934,-0.0768026680659509,0.267117403017779,-0.374136242201522,0.00791937677337302,0.0543138696086985,-0.0383617071600636,-0.0394467354194925,-0.0760123825679497,-0.0936576755323005,-0.0255130442762589,-0.302252056623758,0.0262816778473869,0.170099881062743,-0.352671536206431,0.174977079288962,-0.0451214841898318,0.137257593387786,-0.0610131739180834,-0.128963949356086,0.0969807001031833,-0.222487571960012,0.150487750687605,0.0258309089693827,0.0267934411141473,-0.0602739171542389,-0.313029139764506,0.0227782613853017,0.203405701257431,-0.18996783187625,-0.00391293209515052,-0.0428329080564177,0.0693956807903729,-0.220780872470981,0.230540835317995,-0.211616182566044,0.272569784830038,-0.0304845372912495,0.00347199536112675,-0.138647901471618,0.223026416231386,0.0636900220670266,0.190833080253075,-0.122933795686814,-0.0338171740302918,0.0513928904769149,-0.106740857073142
GD_1,2-year,GD,Infected,2-year_GD_Infected,0.0392018097758077,-0.0472397427394261,-0.129385000134202,-0.0364924690812992,0.213434743716,0.0714918527047632,0.0823551175399891,-0.123093384427205,0.140661236086615,0.046884875630611,0.0987823740912203,0.104336253809596,-0.263070281005473,-0.142794045266733,0.141584342614882,-0.0135200331151321,-0.0982100350043563,0.205183455822225,0.0210891140331297,-0.355633099138437,-0.155884472835083,0.0429171969899098,0.239035871321215,0.065162370791842,-0.172329184375623,-0.14357325252942,0.200219582112915,0.035654333455189,0.0189520809741185,0.121244495224855,-0.170191965460877,-0.0881254778412767,0.197619100992359,0.110561109184546,-0.0731426413928769,-0.0251815979410327,-0.0230785072083645,0.0434722649944747,0.22614233191188,0.297539002618165,-0.0138279449216912,0.0360354546020335,0.00341827136232058,-0.227013681838197,-0.131742268919553,0.0679429477541395,-0.189547017348777,-0.0890706983688307,-0.0847908108059551,-0.151448245030443,-0.0432252029840023,-0.086646533910702,-0.0559146655329418,0.0487892023063517,-0.110252738873796,0.215699213247563,-0.0614002785144602,0.0465721107759614,-0.0115605530840068,0.110175654353456,0.0809034754354986,-0.0483218334303838,0.200033660259438,-0.0669246874572276,0.0530341553907569,0.0401866381756951,-0.153779487257973,0.0646850439416787,-0.0723786663096037,0.0835814205463291,-0.343652380130148,-0.053914716563804,-0.120840946217702,0.166903812704136,0.191744965314014,0.082049299071831,-0.0979936830903145,0.0467489084183414,0.0643211944800594,0.101598984066856,0.0585369503684419,-0.0544518795538978,0.247316870760249
gd_2,1-year,GD,Infected,1-year_GD_Infected,0.182535514436739,0.26109266500633,0.199373320650862,0.149094860821362,0.310038068581991,-0.109124386017131,0.0192208407184626,-0.043118402711083,-0.320919659046171,0.124591701406005,0.0991472985547139,-0.479491746925559,0.0244590292088885,-0.308591207624333,0.0135757071906357,-0.23102881618959,-0.154843914089233,0.118018378332844,0.00120476044541399,0.182536860734195,-0.237451334411048,0.173503813267487,-0.0926991998757383,0.189060605316509,0.356350500443054,0.17615243744191,-0.444191859953958,0.128596408701473,-0.108448709428409,-0.329427599596831,-0.408408786450827,-0.137655754742081,-0.170596757701673,-0.0634035195462263,0.135176363635141,-0.0176197468006114,-0.07071939240522,0.193658330574445,0.0210131219662264,-0.301504258918198,-0.0322544287001474,-0.318222965004557,-0.0329956259802247,-0.0676432690647703,-0.0187899914408706,-0.0281029944457902,0.122137566842217,0.393650511073109,0.0260277190801684,0.206253540133481,-0.152915391642876,0.411155835451585,-0.103797964340564,0.108569111914566,-0.150850891876192,-0.0807237117751077,0.281365946372093,0.127964731185747,0.033080751632162,-0.00123475126632915,0.146791836913454,-0.000753337444605162,-0.32965253429018,-0.137693874383676,-0.110940999575262,0.296442421328613,-0.330405836163041,0.278898561632128,0.100150552713732,0.0402476545951154,0.466852337507958,-0.132888945955551,0.437242637829568,-0.110129402422401,-0.0845347915401743,0.196674130178632,0.0103504686314668,-0.0393381593684432,-0.331012636793042,0.375472991690624,0.108096842784133,0.199588177232037,-0.20438238569719
GD_2,2-year,GD,Infected,2-year_GD_Infected,-0.24341242912482,-0.133518903072249,-0.269901518665917,-0.0670552233781096,-0.159320874939221,0.074030909713303,0.0427405030600513,-0.0979269653200024,0.291050046468458,-0.153813531466651,0.0066060805809759,0.203255059040518,-0.229461594201243,0.0617651471295164,0.0390149335328264,-0.0800405959011074,-0.0683111819295908,-0.120719579369449,-0.0664820758192484,-0.059250661709597,-0.0105740391226221,-0.0839484496815092,-0.0215227956196362,-0.131161154450405,-0.281459518580991,-0.152404060507707,0.231416799235001,0.129722113810344,-0.108725620653707,0.353309653616551,-0.342835992406056,-0.0755870983794852,0.335648865396481,0.284390777983383,-0.184979959675699,0.0237540979264667,-0.13944674100952,-0.063096769244313,0.0465805964724075,-0.175490908733803,-0.0498497654937994,0.149439137671002,0.0102817622720003,-0.0246554344145516,0.215021154495986,-0.103695031443168,-0.210815626493261,-0.246620472037814,-0.00437060028234999,-0.273906216220807,-0.269151755991464,-0.119742695420189,-0.046200438800443,0.0121746694072581,-0.0600379908509599,-0.421836465682832,-0.143016419120021,-0.152917857270243,-0.117924386451968,-0.217647971822322,-0.0232669232968087,-0.0695219830372315,0.241140711562202,-0.0719453101051833,-0.152627384067616,-0.136502787423523,0.396326790023151,0.239685553399473,-0.145263342130973,0.185540720508592,-0.0950829363674887,0.0223709898996698,-0.224704143756162,0.197044528000863,0.198451119654426,-0.0775152337015402,0.162679790948646,0.275620440305871,-0.0643657023697603,0.0373232909237337,-0.0489182027724859,-0.214429422314924,0.113264152470633
gd_3,1-year,GD,Infected,1-year_GD_Infected,0.157193942456383,0.234237596063123,0.161139684295838,0.144575955611825,0.16212089060582,-0.10751544057953,-0.113385261461649,-0.160523365483218,-0.16663558403757,0.0749467501424324,0.140274809037105,-0.449491890956528,0.0725165493995372,-0.475866248542707,-0.187383094605656,0.0967837716738113,-0.105720959681955,0.203104221771731,0.0489020644921762,0.18141449763703,-0.19292617638888,0.0660348274105268,-0.335618557780214,0.117594761921696,0.300021562508333,0.157005210620049,-0.291839657557154,0.227659040369866,-0.0366595824232555,-0.387405249791763,-0.200655372763361,-0.0976094695020602,-0.0984580893507985,-0.0703967012045577,0.153191651187757,-0.0311152011234443,-0.0431660568783883,0.142395845412014,-0.176620867533635,-0.207737676600511,-0.00128488673354247,-0.391967003998759,0.002396135545142,-0.0831971591841329,-0.028722507152176,0.0408884670420648,0.111590945803131,0.358467728490522,0.0692956367350115,0.177812903124612,0.203241014557595,0.35815618765467,0.0131951000158362,0.103666211282677,-0.150074481311974,-0.131474729269616,0.232677041151514,0.0808470444236443,-0.0176549044907911,-0.215961194989145,0.122693639197524,-0.0547849262596219,-0.320881647523535,-0.0922712486908013,-0.025228412550973,0.265619381527339,-0.340939468246808,0.274625883016159,0.189591019760873,0.239508536626309,0.371236328781188,-0.147190302775936,0.345007133450332,-0.287216435140316,-0.122523860737394,0.13008168055805,-0.065030912429797,-0.0849019971795409,-0.122846539442583,0.387705525031335,0.0908066501145548,0.246198056637596,-0.173676819282811
GD_3,2-year,GD,Infected,2-year_GD_Infected,-0.0122907949179012,-0.120828030591257,-0.313776658999012,-0.0634740806190611,-0.265762842904101,0.10177642263674,0.0608378486549177,-0.177414047664598,-0.0275658488424338,-0.155440445661199,0.00490825611459142,0.162729758887414,-0.16459581392182,-0.0913564401238539,-0.224762591155915,-0.0526919853595617,0.0530184024324513,0.12994404640465,0.0349907772634014,0.166403955721575,-0.124698447953193,-0.0991783581552245,-0.356614174416195,0.0101797036169685,-0.0869313009231505,-0.12326826374821,0.200974317114812,0.0375182441336829,-0.0766909954601791,-0.250150535123544,0.0137630216422596,0.0174466235493172,-0.0375187619857337,0.241236274866382,-0.127730722406909,0.0116378827720225,0.104284452097432,-0.108484522957125,-0.17290123513046,0.229929201262786,0.0569192206625752,0.122281893992158,0.153497058661998,0.321504464383855,0.263197929563546,-0.0701986635930006,-0.203058492535985,-0.18579766184191,0.11176494924074,-0.0788351310837203,0.0670576647820909,-0.130274522725111,-0.000915526745522132,0.029829389820341,-0.0919072977452157,-0.338173854605081,-0.277548416748745,-0.300537676676043,-0.0685227753349571,-0.132988543501861,0.0180948709523752,-0.0848893150238926,0.174235102120793,-0.0233440368263075,0.1799927269919,0.0319258078465792,0.386207784055916,-0.136941863683369,0.106091035808282,-0.399274554111935,0.0539164301391374,0.0521311540315353,-0.34388807943451,-0.018706508904942,0.206468727672348,0.0241759589256813,-0.171372615064271,0.25355803550082,0.101032861156608,0.0862829770344323,-0.201307823032238,-0.147838398581003,0.0233213083824943
gd_c_1,1-year,GD,Control,1-year_GD_Control,0.146351187234232,-0.166301245455121,0.146689602473805,0.104708058771313,-0.0149987517329876,-0.0515054753494364,0.15257351007111,0.182363930444468,0.0396566499330575,-0.113062221025378,-0.0172704747619825,0.193119962603716,0.288535088350712,0.238765109034214,-0.350815852630867,0.0150034279602191,0.216758107315242,-0.291661093228219,0.00729309913115708,0.245071516192293,0.209485463975177,0.066347728902521,-0.296720235615277,-0.161231061715452,0.218640743650624,0.0274069945567774,0.229596584961373,0.440488599471069,0.196729844455029,-0.0270068142038049,0.334785743478162,-0.00773642979461191,0.0138870809465151,-0.0418717310976188,0.0734680897927589,0.0616725992691521,0.265768286044926,-0.171935599066912,0.288469358398293,0.287492092167234,0.227066091264748,0.228179777416242,-0.0900207223212754,-0.221344410831292,0.199621728561078,-0.170096964923279,0.110393022686455,-0.205294941226131,0.181560230208547,0.0407707148119384,0.189668318001907,-0.347941514262101,0.113982096345657,-0.104797431349524,0.0791972561657833,0.229740271515563,-0.0355299396818508,0.189077992451672,0.0460662387947613,-0.244640145702896,-0.173116600717686,0.00882808341177265,-0.249936437798729,0.159559972316003,-0.160635661835068,-0.0809854705566976,0.230321398173623,-0.0998224760961947,0.089886097226591,0.250662120471269,-0.102697150200251,0.128383365893042,-0.134358805719131,0.0956046214008075,-0.148424383197768,0.0213104635330368,0.0707632927120861,-0.0813251308300591,0.176477033865635,-0.351069931819435,-0.228788504843642,-0.0229482029801031,0.0203854430233112
GD_C_1,2-year,GD,Control,2-year_GD_Control,-0.303300503279016,0.068471169273697,-0.0629060716835443,-0.1444362823365,0.271068354640381,0.0870951298491984,-0.109157853825129,-0.120589795263889,0.115271343988998,0.164881486782284,-0.0699908311834792,-0.0192983368070264,-0.198762949468221,-0.0195462077974986,0.323022519031497,-0.0978503874309291,-0.0660441290134209,0.0503345402019144,-0.01990041072402,-0.466163506470913,0.213571648570774,0.01108613076823,0.339700047724472,0.079437291661261,-0.270050700285072,-0.11872020988342,0.160797619324222,-0.0287561893010961,0.0118119314301889,-0.304839303250992,-0.110548991768648,0.188138126746154,0.212566542430361,-0.21082726594628,-0.0666619088736399,0.0182921047529651,-0.124800846074627,0.189048390413336,0.153053421945321,0.178852191468003,-0.165594301287788,-0.0850956648095876,0.142426090074837,0.304118147980801,-0.242853036881165,0.0826045352187762,0.077252709580684,0.393040343238687,-0.198171074399601,-0.262838391016285,-0.0196276192331529,0.000765946920371401,0.0588338658885656,-0.0218666403426864,0.122330243892392,0.0368764923998515,-0.148918458637131,0.0277715889370232,-0.0325665702772971,0.299169561043374,0.0411815449274332,0.0589617419178575,0.277643481008136,0.036001615071683,0.0469640840958173,0.129273824947709,-0.248853691375023,-0.199058790988125,-0.186666457178775,-0.396295127116215,-0.14181002482417,0.0197313861699615,0.0780011089818219,0.0103640416753812,-0.154142173632179,0.150463074383887,-0.0765765935784115,-0.16810913834555,-0.0634128818253809,0.148524713246153,0.12339646195125,-0.13228277090622,0.184179106173918
gd_c_2,1-year,GD,Control,1-year_GD_Control,0.141016389995329,-0.0265666761178314,0.172245228732924,0.0986693111310542,-0.413430805520236,-0.0777020210528121,0.0702168546655452,0.146921759371322,-0.115126164394416,-0.0658132964522908,-0.0994520187538928,0.242326791927793,0.272895533613269,0.19442498793028,-0.303931786538036,-0.0422521623063782,0.0938039441549901,-0.345353403654418,0.00295523134489693,0.22589020147271,0.288185522871091,0.0641107894480981,-0.108421920410375,-0.01458545119885,0.150724397029337,0.0749015734229543,0.0523062170759565,0.23448670966161,0.163798758331702,0.227296859747263,0.294654852030163,0.0945360262221975,-0.165974504443159,-0.175714280132358,0.11396332864262,0.0551581390335211,0.130323276501425,-0.124595324159124,-0.282369423505003,0.323561838231402,0.156638158480729,0.216728564256344,-0.140698925750154,-0.0921625793949589,0.0362428151901194,-0.0777781783678695,0.116035643307101,-0.282727956544018,0.0839565640949641,0.128190766335134,0.283239948019676,-0.336020463506392,0.123424290977563,-0.0765647756779007,0.0813411548227426,0.280636765160466,0.0793074205515232,0.193969750856939,0.0207234535378469,-0.0235327808294095,-0.105938948743717,0.011014560832633,0.00134273804250412,0.0242288043013112,-0.151083092944219,-0.156836546898333,0.109648106417821,-0.126128713086353,0.0260638671774873,0.26212434368632,-0.265326478102043,0.0923363633067191,-0.11539485936197,-0.0366938532427882,-0.215821144661153,-0.0381917441614248,-0.0931700770971723,-0.281094312647801,0.122305974991106,-0.433251561640879,-0.0880369836973476,0.061069542876456,-0.097311955224925
GD_C_2,2-year,GD,Control,2-year_GD_Control,-0.23449794364717,-0.115857283687711,0.0205527091538079,-0.148912776845525,-0.0427466163079386,0.103640307068716,0.0752341156205933,0.0820182090543698,0.0537119395680995,0.0450448422449079,-0.0637848525595704,0.0604315601391402,-0.182893162053473,0.111258735526403,0.214328602009789,0.166876496862727,0.168888835365649,0.171618245131453,-0.0887131032403009,-0.380968828064779,-0.0410145906128945,-0.0555413056987316,0.262308727678035,-0.335482014195828,-0.0376510037953283,-0.104995833611147,0.121977431076778,-0.0438029371959991,0.0163211202576612,0.146774658283747,0.0890528694942386,-0.0692069968557891,0.247068167748134,0.0509353624468272,-0.135500836957071,-0.0737549751307602,0.046468569990228,-0.0251076130116567,-0.0268194860313496,-0.351872724372811,-0.0620933551417044,-0.0163338475478604,0.0539915197939547,0.232786762832573,0.0335730169010552,0.146911880371204,0.0736756895086018,0.105841044561175,-0.0674403717748504,-0.165133641366142,-0.0245944393833602,-0.0181767421756724,-0.213650881882164,-0.0368105553015938,0.0654568708628335,0.108121884370845,-0.135678974805013,0.0476336975522754,-0.0677076917080704,0.0178859636188305,-0.104533957904908,0.0159542913833636,0.161350356217074,0.175935525726767,0.173511502365607,0.0732085034223041,0.0510245461572713,0.122336553240045,-0.120476426367222,-0.0276371804032804,-0.0412692500320274,0.110391847348837,-0.166037134395333,0.131924538477858,0.116717902868023,-0.0928875996132646,0.0956209137799111,0.0601159673503913,-0.0445871269834364,0.141967128219651,0.038334166628666,-0.102776118455334,0.0686639456985054
gd_c_3,1-year,GD,Control,1-year_GD_Control,0.0499426025294612,0.0630494168771393,0.211019030823243,0.0264465841500817,-0.429977044120705,-0.0554982688261786,-0.0775902463081115,0.132503414683276,-0.0871480722171513,-0.0067042145695163,-0.083484765730558,0.235101285994405,0.180133287551677,0.19609842900664,-0.0298653422041898,0.116547577070203,0.0397037052117068,-0.332130903651013,0.10802200636401,0.0725696975279635,0.0819622687137195,-0.0631771062865059,0.135730736754966,0.109658186052795,-0.096680960542716,0.145850555202347,-0.116301317197665,-0.137245145606864,0.0931081086851481,0.283034306237541,0.0837729225702381,0.147887620636226,-0.227553858769086,-0.114832204385232,0.104629354064552,0.0512370282410573,-0.0719725147346275,-0.0296898775947213,-0.346822425871331,0.0501886780151571,0.0188668501165312,0.174576121090854,-0.153151865003958,-0.107513928852722,-0.0736308958764211,-0.0138342147213688,0.0996358445996097,-0.210932260141353,0.0176254086933888,0.182586510049302,0.179610511851558,-0.120279633035998,0.0762210322507531,-0.0553532470417016,0.101397473933891,0.157889224777065,0.0823728247244245,0.208188373473193,0.0250380718816416,0.258556944464626,-0.00667225091951664,0.129267294971479,0.253607296700883,0.031077536203086,-0.100648389775777,-0.194540335966854,-0.0599019130133037,-0.142240724399514,-0.0150910612117182,-0.151554797628186,-0.123267773895112,0.0467695515571753,-0.0393594122081236,-0.0919540667909539,-0.139442045873333,-0.171275138282856,-0.0625402718188834,-0.262533155205023,0.0629342240860153,-0.326546875796084,0.060188610318708,0.138402897013912,-0.095516619100569
GD_C_3,2-year,GD,Control,2-year_GD_Control,-0.0410144064873679,-0.0172752726163002,-0.289393479639303,-0.179325200889829,0.145334192922176,0.066438430217472,0.0063288586548836,0.0730116304106396,0.102050946240893,0.0728374232077856,-0.0925679294380655,0.106506736536303,0.0493917112414981,-0.0135915727793049,0.283013935289428,-0.0515539593752919,-0.119975036327199,0.0132000861530317,-0.00796902237896818,0.0959209850352781,0.280613448915405,-0.0665700661358333,0.253065217264564,0.0558095674732722,-0.171291351771733,-0.08685954811315,-0.119365856885693,-0.329451022392752,-0.123896555868753,0.170637497235593,0.0684340660642489,0.0500457169270118,-0.102210064425176,-0.0426165807833507,-0.162199332758583,-0.0305022296571861,-0.175157311828198,0.0311375427055339,0.00315720435987127,0.0431788070640984,-0.142505015019282,-0.169935337276569,0.0892180085054232,0.00456782380288777,-0.17590556187365,0.219015892640592,-0.0817872416735166,0.271696419420322,-0.161739328637451,0.0264473092001862,-0.0606315117715413,0.214027055720577,0.0799445760130914,-0.144893528405573,0.174413574898579,0.0722088592173697,0.0293885546044833,-0.246082183750158,0.0405406148130735,0.124386355662293,-0.022930126957796,0.0945193398328679,-0.0958535865340807,-0.0574025575409564,0.0442557706474024,-0.0778236045265822,-0.0357352966764832,-0.233206118919509,-0.0413023002790467,0.133877735296664,-0.00943993819503734,0.0734954896543938,0.0117627160011725,-0.0266567384663946,0.148033688772064,-0.0862369894204149,0.0042432707753539,0.217568519933967,-0.0916794814182961,-0.0450734452695735,0.121509006210252,-0.0219247714454338,0.020497809869526
gg_1,1-year,GG,Infected,1-year_GG_Infected,-0.0857373767193626,-0.252079241174783,-0.0979897384086171,0.0936411966700911,0.0458703455865515,-0.0998126775332304,0.0358264553209419,0.348159699222569,0.278558431237833,0.26026538963742,-0.287000213953963,0.149917584240801,0.0303531367061031,-0.0230251326969706,0.099814031717395,-0.0805047543451427,0.25757726281611,0.0181052663706937,0.0607637382384571,-0.211124733508117,0.267817182934413,0.0536936672787864,0.10010162275383,0.000999159420956499,-0.022852534902102,-0.221777133300574,0.0498394409560272,0.000979817787439016,0.00222419462383975,-0.0108093828568038,0.0934707156601413,0.065302765834253,0.107784764499762,-0.0533565292247791,0.118092153898915,-0.152050437509373,-0.0805797288898925,0.256763772683005,0.0125442028731658,0.0418431044366592,0.0907765481846004,0.197290869590349,0.205842033896568,0.12134896570677,-0.150742872253039,-0.173628054795412,-0.0269931584969925,-0.0303663072352359,-0.311002145429407,-0.113753326500733,-0.00407487262570294,-0.197205970293694,-0.211915770860902,0.117290483577334,-0.110941335775568,-0.0473898423449749,-0.146787594182414,-0.0813233684187501,0.024763723323955,0.0180376902698076,0.113655324261249,0.263460134270752,0.221620038203275,-0.186750597606239,0.230920261299505,-0.138585108370434,0.0413028061423658,0.0609866243884901,-0.245754240791348,-0.212805536011256,-0.18440453037509,-0.0539988692066242,0.0343550101945823,-0.00640679250960161,0.191787682557489,-0.229746466474793,0.0116827862383097,0.0406060919917246,0.0863688875633047,0.0316332600226257,-0.0423036560032257,-0.218878568611515,0.194634438826075
GG_1,2-year,GG,Infected,2-year_GG_Infected,-0.00975742111973479,-0.0540859453929449,0.0829834298344237,-0.0183741592308064,-0.0253987073725339,0.0448509802174083,0.00664157518642509,0.212154543682988,-0.0232502798609876,-0.119205097929249,0.0512502809724666,0.035036881741053,0.240542391812171,0.119111699572498,0.00686189037547423,-0.0331323865853559,0.111632891610542,-0.152709623371539,-0.0937283900669009,0.0317442380301443,0.133957977104144,0.00818017134865272,-0.0192543020236827,0.148256938799346,0.0843537445884041,0.251841645576073,-0.122068325049905,0.0129392048948172,-0.0961510796222162,0.115059780122865,0.0539855484914314,0.10525342910653,-0.260765051044205,-0.12543097454834,-0.0654620649709972,-0.0954977128011252,-0.0698083075924313,0.0774109986802951,-0.0453598167056585,0.044017311517533,-0.0982864177739757,0.0167612353609514,-0.437856908790795,-0.0554615489629641,0.110252861840224,0.0524563412034005,-0.113185045707364,-0.0498459277980951,0.0525757105900335,0.0783067832286208,0.050684956775192,-0.00242601219129533,-0.127724491155362,0.0443047872320488,-0.0250191178121418,0.137074401017964,0.147325919833186,-0.117861411199535,-0.104810990520086,0.142204193322038,0.020639899878993,0.0227117812100866,-0.0387463122416722,-0.217143237115307,-0.122863805492287,0.0146610564285083,0.0825006049375768,-0.0137249637564953,0.0814345341993601,0.0675296808148681,-0.178706482268897,-0.0214951600724285,0.0432062622541548,-0.0590996140110938,-0.210508105263225,0.290674343628024,0.037582052601421,-0.00991833477579529,-0.118561702595356,-0.12613703778451,0.12857433516238,-0.0276623663329927,-0.00626979567618614
gg_2,1-year,GG,Infected,1-year_GG_Infected,-0.0690448723294588,-0.267075832889111,-0.107648919873498,0.101422831431374,0.114776372533111,-0.0711960852113231,0.0242746226363928,0.317242006186648,0.316881879293281,0.320046469138636,-0.42759701799456,0.0969059509659967,0.00711094168948291,0.0478919569661988,0.256293054586231,-0.0587451627707735,0.229636005604284,0.10999787533017,0.0563741066764163,-0.124134582079963,0.254597133588599,0.0503392655720996,0.0580234035567912,-0.0211836192972324,-0.0423639191305277,-0.236806885367802,-0.171200430396728,0.00881880357458666,0.00744803335574952,0.0719379568709544,0.0914951354745729,0.0838748259093597,0.137645979866092,-0.0518356648296933,0.133661627725977,-0.178592693437665,-0.00992650478268306,0.301446405982866,0.0343570047617397,0.0743015798634351,0.124523725124949,0.168665714613936,0.238331268223278,0.154572308922799,-0.0925086019008599,-0.140044265804724,-0.0510384095985363,0.0106000674108131,-0.349923112315139,-0.133077322042316,0.0162175327043786,-0.162274765632884,-0.147016241125378,0.0769717565709098,-0.0899638757761062,-0.026236259195087,-0.0281225680103115,0.201852129631275,0.0650339947255624,0.0565497672007653,0.114054990964718,0.333216136130797,0.171353635944671,-0.128073771183445,0.273245252998523,-0.116739122007637,-0.0454856842424141,0.000110743570343362,-0.148483011189753,-0.117806713747033,-0.125364736072681,-0.0825191556402822,0.0595723522410085,-0.0277581395296397,0.035898575632694,-0.292509757806254,0.0159196781892292,0.086311493790113,0.120796138787022,0.0386038234950317,0.0415787393490247,-0.112919503799138,-0.0642584794922673
GG_2,2-year,GG,Infected,2-year_GG_Infected,0.000792322425736719,-0.101294321179379,0.102179350376798,0.00120114354694213,-0.0253595183216708,0.0487569702453803,0.0416683007639792,0.246155809033423,0.0161015107385799,-0.165079080047635,0.191128194259759,0.0524165998928743,0.2620868119271,0.195211531949749,-0.0855807063986065,0.10625326483909,0.126432027858652,-0.136076429187949,-0.0669049395377292,0.0314925012335571,-0.0803769636645264,0.0132245267640755,-0.000239863137719832,-0.0365417742409345,0.0952146648226949,0.130507995227928,-0.0980361433010976,0.0109161603117158,-0.0257679710202804,0.0340311225317804,0.100346059553124,0.122571641864157,-0.0739120439580802,-0.144677778942103,-0.0789519304166445,-0.071146632902891,0.06441029578531,-0.0486821541030708,0.0755379898654802,0.104423893090965,0.0148910651954851,0.0190204433797805,0.0067897842607093,-0.0162848014254365,0.181114609201085,-0.0184161968053084,-0.110885525970107,0.00883710014163285,0.0894426973831307,0.00974168486627166,0.0118414877156276,0.0324246131617444,-0.0292257275310894,0.0296619777561718,-0.0328474818923618,0.152805003744765,0.0127068088394847,-0.232760071207119,-0.0542047181770543,-0.0630701254721354,-0.0103541192462721,0.0240438641369951,-0.0168258689096455,-0.0414197254177347,0.0966142644458097,-0.0110007308437544,0.0993843728825296,-0.0223583048463989,0.247131725174373,0.017225590906005,-0.0347893693115357,-0.00374131667508143,0.0383289450953301,0.0553155725542638,-0.244217673662846,0.273498581651587,0.119022816672422,-0.132470558963537,-0.072480166147883,-0.0903149428169327,-0.10677344117197,-0.130919617565503,0.0300165771961318
gg_3,1-year,GG,Infected,1-year_GG_Infected,-0.105482973991869,-0.161133856120439,-0.0753949173303954,0.154349159871515,0.0563405768470776,-0.0489240088545723,-0.0220094578885578,0.00626910070884723,0.333134228095614,0.28722317020503,-0.38095707274159,0.110406222158827,-0.0479517845890316,0.0139828248231257,0.282442629135124,-0.116632836066077,0.229306257167404,0.0962649635830173,0.0453515299658367,-0.113921430794223,0.294495995990817,0.0306186159145081,0.0327775301410801,-0.0203211807678954,-0.0609980083140665,-0.264879590215452,0.0615068005403428,0.0758024960043269,0.0146809414591088,-0.169799646386102,0.0823197367707321,0.0337066465244855,0.155472831188112,0.582587427549046,0.0732468994547111,0.900705597181135,-0.017890060226259,0.282320911798125,0.160280129109641,0.0427904619742036,0.120570977051987,0.132843652598588,0.219724536462754,-0.0919067119201534,0.167257816659189,-0.143236421471224,-0.0913913925548207,0.0842948768602846,-0.388240192517515,-0.198703637694011,-0.065506712185709,-0.17885339156642,0.780969304864407,0.0946511020723276,-0.111557500047076,-0.0375023109421463,0.0353542134772727,0.123141139210963,0.0361502940171812,0.151209734146724,0.136483015160795,0.270076409105715,0.200770523494415,-0.203399111159401,0.19406860774925,-0.127306599236925,0.0619426592262225,0.0694314100167767,-0.11349975599258,-0.0558463969346986,-0.105645881672133,-0.0848200856353185,0.0963074039235569,-0.0589154450463073,-0.0188445026053224,0.285367692771011,0.0499519063699882,0.0378482881294626,0.126272598692418,0.00334210351446562,0.00915838331265734,0.162967644236477,0.246924630498522
GG_3,2-year,GG,Infected,2-year_GG_Infected,-0.156753020468588,-0.091551925522943,0.0140669031413076,-0.0339213836380762,-0.350797325241861,0.0344078123326073,-0.10183149614413,-0.315780392810847,-0.453061426261065,-0.417278243837734,-0.233984770621275,-0.0283348083138143,0.321095714340071,-0.0682405623650432,-0.350284190615543,-0.0657288296201562,0.125561057745344,-0.352550123131983,-0.0791802600149152,0.0147184179227025,-0.0416635878024939,-0.0100541020524975,0.0245919389626935,-0.0113390467331504,-0.0120073922297916,0.226464796437727,-0.0379081977853948,0.124696078394257,-0.158026855734862,-0.104867171697231,-0.0142786122105029,0.15995525288247,-0.479675228277096,-0.124089473930439,-0.115248697249069,-0.0755903987923352,-0.0572167440977251,0.0634540676740488,-0.501374420480334,0.0942203077911056,-0.074297781441857,-0.102739420946358,-0.294953987713483,-0.434612191154052,-0.310407092373053,-0.0466279875311975,-0.136965662774385,-0.161654341547286,0.325997841956109,-0.122575590377853,0.0198447949690623,-0.0347051036303369,-0.141334192138241,0.0758700520407585,-0.0568708947211511,0.319560551988186,0.0910018017117817,0.354306327981726,-0.114604830560851,-0.0376480851155146,-0.0410189350844329,-0.324423372098542,-0.329722186544821,-0.145841036935276,-0.420639612991416,-0.0843341318601142,0.133391012918731,-0.0502695083421386,-0.422599848199761,0.280868228191765,-0.126924419284515,-0.0599375874733569,-0.0384661363918968,-0.00807004580059429,-0.375313653424186,-0.508463511314891,0.0813993928334511,0.0638217950087366,-0.151192923264027,-0.180868964783121,-0.0275456058250719,-0.0168897514924281,-0.299880513370954
gg_c_1,1-year,GG,Control,1-year_GG_Control,0.0371690006065734,0.0758771799069815,-0.073178878010176,0.00127246910310629,-0.0564438646773305,-0.0580485070993314,0.0157325585508574,-0.332684546664296,-0.169495228245904,-0.0870793963203286,0.321669481084705,-0.0145559589301118,-0.23020435429404,-0.233954082500366,-0.239200304490261,-0.0350247153244093,-0.182093056265928,0.22953953333798,0.106506935841867,-0.0700126752061362,0.0189884574112446,-0.0215583851491274,0.0633151240802335,-0.0678801215814917,-0.00105101936828081,-0.188525246988252,0.263684763823737,-0.0109126346880232,0.151345401533777,0.0949563269032499,-0.0911882090985894,-0.0809028139894391,0.20396076702686,5.2543393910104e-05,0.0977921331539064,-0.11164717005308,0.0771842847663828,-0.24247680151249,0.167722400040073,-0.094684758791394,0.0663532850796538,0.0367688078884407,0.162656502270121,0.255656567600059,-0.0248420467875214,-0.00991225220525292,0.071908107092645,0.0611010102476017,0.374527220850505,0.0134769910497968,-0.058194586704069,0.0435923909033877,-0.101996224202757,-0.0217180777871259,0.018325976263002,-0.110895288898137,-0.223048956832848,-0.286186223735671,0.120126444079187,-0.150058652099252,-0.0333522061948812,-0.38393105671438,0.0727066052926366,0.25500819211382,0.120598639318522,-0.0138919317863261,-0.0467881128030692,0.0330865839237066,-0.263757357692565,-0.333555505191224,0.145250432514629,0.000738190871422926,-0.123638719509695,0.082423057653762,0.304098255329388,0.149779384530782,-0.143945327720987,0.0562611853727084,0.148218351659208,0.109479871422075,-0.180858592943368,0.131282056762322,0.318817072022976
GG_C_1,2-year,GG,Control,2-year_GG_Control,0.131042632692027,0.211238146220908,0.146406824760579,-0.109301876805375,-0.0127603953887871,0.0863257274075101,0.00385593987158356,-0.11416185123025,-0.252414992120123,-0.0994647418387328,0.126505923014242,-0.101789482352288,-0.0161381884553879,0.0928819812237266,0.0559253569255673,0.115143505883351,-0.196136471995175,-0.177085490105025,-0.0458867318120148,0.156343994110647,0.0454605984918117,-0.0318123770362181,0.0372874023685342,0.0746572342475638,0.013213605806945,0.287039838338845,-0.06081379322616,-0.00643452654107182,-0.0231363381600976,0.0630378641694479,-0.13920494532445,-0.0911186950929644,0.169884789044946,-0.0842602495131235,-0.0907191034054846,0.0102050792570818,0.086213378211986,-0.142841706076888,-0.230417704927393,-0.00615343863954393,-0.10507668648795,-0.167334178392582,-0.132629147042173,-0.270017328019146,0.348985990470785,0.188624996598205,0.0717393884649131,-0.0294689737849112,0.0461372014151383,0.212737008540083,0.00255546374970104,0.221299068101569,0.0342694859045691,-0.0969574775460011,0.13788698835533,0.197344792543214,0.170654097550223,0.222102688730213,-0.0718583591672509,0.0193922898248685,-0.0808443608694202,0.198840390985341,-0.154899567552464,0.141961838561831,-0.254577123080047,0.12204513912726,-0.0566610917985806,-0.08254512704949,0.0965663173461787,0.206092256530841,0.153110105161717,0.072350073731764,0.0174825102354718,-0.0548092811497161,-0.118776155313721,-0.30762556452445,0.00798195397625004,-0.177217456724287,-0.148944036778358,0.00588570265415688,0.184732721618047,0.101759401524239,-0.351815673256604
gg_c_2,1-year,GG,Control,1-year_GG_Control,-0.00623408122401149,0.0682438923388644,-0.083607242646902,0.000675550445099488,-0.0305112814949975,-0.0802245201772883,-0.0151507680349881,-0.316033017917253,-0.122008142108868,-0.0913598539879491,0.274860352777731,-0.0214623123144549,-0.244991496828176,-0.286884775243798,-0.0471532433895826,-0.0343179167012005,-0.159281066009123,0.265533026732455,0.0889942276773065,-0.119952701732905,-0.317083014551378,-0.0119414474752666,0.148172397223605,-0.144206791357504,-0.0307895751342165,-0.267942609391274,0.226303882658581,-0.0789447181954031,0.132729765734501,-0.143155041195853,-0.0614115646809395,-0.0558002577182075,0.156107880742801,0.0260712330841317,0.0827734175391011,-0.10408617543667,-0.00204125495769821,-0.242567115341017,0.151540023918274,-0.056242328118969,0.0248139871162655,0.0388065919700546,0.277184743406546,0.213252343236415,-0.237567006354997,-0.00553125455032541,0.0825805567870663,0.0775611435747532,0.246649163047203,-0.0741007655050153,-0.0338347893172858,-0.021533831211708,-0.0729217966087626,-0.0326261032189916,0.0258226059697251,-0.058346445020826,-0.0868553552694978,-0.306926279220696,0.116456971539297,-0.0342073903985321,-0.0380417244884158,-0.390292425551679,0.0870815716830722,0.184965790641801,0.0663446968910745,-0.00830012786746473,-0.0530473047962375,0.0580771226081026,-0.122699418606132,-0.0277157812732111,0.120102124323308,0.0166266172971043,-0.137057409329992,0.131216401190165,0.349962593188574,0.110197681480977,-0.0880019727757798,0.0532535209833559,0.140610649423646,0.109408646981938,-0.218897611155442,0.118048589861047,0.309517027961839
GG_C_2,2-year,GG,Control,2-year_GG_Control,0.191493686306112,0.262163549128144,0.0644834101587409,-0.0928297541305285,0.127843292102555,0.0923905791843879,0.0957379447611047,0.0808920153675483,-0.12027753409154,0.0626764180447387,0.113997812125241,-0.128127976937993,-0.193962953607318,0.132324169893745,0.0889512156816167,-0.0206340193451596,-0.178795642494605,-0.0349544056271269,-0.056705248416082,0.208342334294183,-0.188052594183009,-0.050937630751829,-0.257113738620975,0.024396747516525,-0.001570817686852,0.27068841149392,-0.147390512620137,-0.060114616273184,-0.0482382326258425,-0.0603494622760937,-0.076956909150935,-0.133782953709338,-0.0506191174666955,-0.000719616278888018,-0.0869797436243276,-0.0235442528242898,0.00059732815044223,-0.0506802989995317,0.0252362488350054,-0.0299550467834227,-0.108717257623143,-0.175931127778351,-0.336159396859667,-0.190627681551892,-0.247383524867975,0.179205409056266,0.129455658632828,0.0302773005565932,-0.19323406894059,0.154612839031244,0.0493000473325387,0.17361632957479,-0.00334074290787797,-0.116854572082006,0.119723802156787,-0.415468915144531,0.0604559837920489,0.137504780050709,-0.0414916833605647,0.0746698546887537,-0.0962396550350611,0.18463398047991,-0.171814977112342,0.118173982781432,-0.0929093665688858,0.164733066077385,-0.121219455514446,-0.0543880764653632,0.365646748303484,0.111272208857477,0.143443663688256,0.0848801958577691,0.0548995254168729,-0.012670127964156,0.225335233464538,0.235635049221053,-0.0475010595110604,-0.0144866171379762,-0.126544931271161,0.0496621293630846,0.15779089538773,0.0479547903561392,-0.287435824171603
gg_c_3,1-year,GG,Control,1-year_GG_Control,0.0332246036378057,0.100827859000482,-0.0520830038156527,-0.00262889282467261,0.0449607641902492,-0.0747825976388406,-0.0294580545930487,-0.282386676267398,0.1766483419375,0.0041468744118733,0.216393572449111,-0.0642259445469181,-0.244775682442866,-0.14662983702761,-0.00158413885802068,-4.02665918396007e-05,-0.122132594588704,0.157938940435843,0.0672271511535707,-0.0149259561577737,-0.302718501683648,-0.00788924751900514,0.0710618880731368,-0.0740565477432645,-0.0264898274799221,-0.161358620681344,0.164846010815436,-0.0578235378392856,0.0974799388619594,0.0720683408978392,-0.0401235780946923,-0.0746217610115037,0.138859323283576,0.04267584100824,0.0565702156025148,-0.114845800409874,0.0526223613473212,-0.0900300309233916,0.141248714654074,-0.13209810236021,0.0698531696308687,0.0187142051464757,0.131176673739268,0.163933579256091,-0.152930882784588,-0.0565592782947064,0.0685112749902193,-0.0157959387885339,0.213129178914289,0.0268725900475191,-0.000821641798479234,-0.0474772338357805,-0.0994351105933431,-0.0455368892889727,0.0107966671995315,-0.0862323872086171,-0.0984217509268724,-0.247053798015467,0.0813316642569213,-0.0662031417932983,-0.0162208796359422,-0.371680845944989,-0.0115031876817655,0.107423211412985,-0.00963518069420546,-0.00183185757618743,-0.0824659408024835,0.0494676689606596,0.211105507999361,0.109919857737583,0.124201735592172,0.0356083164968098,-0.0508517082821077,0.0177047420666751,0.102571941220402,0.0658850045945232,-0.0625546186044383,0.0613945773999556,0.0911555851108607,0.0482314507345832,-0.0942733725505394,-0.16618571572422,0.141895799810313
GG_C_3,2-year,GG,Control,2-year_GG_Control,0.0392875001847695,0.20887049568422,0.0797827818133918,-0.0955062844386697,0.111479741237637,0.126256327127292,-0.0552876204305604,0.15017331068802,0.01918321138568,0.0451080925239305,0.0337334586281314,-0.0861867556039717,0.116835463741892,0.157330225404746,-0.0664855946693947,0.223364116627674,-0.241706671448802,-0.0240035343665353,-0.0828121197058121,0.211430593887883,-0.0854226836359736,-0.0218630568941787,-0.258723403377527,0.127219001737081,0.00534107902771513,0.174747398870204,-0.128763496414701,-0.019922527430175,-0.054587798405637,0.0378893129159455,0.00154662261010742,-0.134438080599802,-0.204744894906074,-0.0670167577679629,-0.124774907708602,0.0160905977290848,-0.0435650477147529,-0.164118049861952,0.00868522805593182,-0.0824629839803621,-0.125404614056884,-0.182866793431286,-0.0401061018531272,0.150146498311509,0.40877074915075,0.173668964600279,0.106264209134534,0.0144599903623838,-0.106059494953756,0.146462745356393,0.0119883193847457,0.173543906620627,0.119671506354738,-0.125057039326453,0.114644166080029,-0.02471330053981,0.0657374000179461,0.233204086192352,-0.0568925101562975,-0.110876134574226,-0.0687613497113301,0.173345003989993,-0.0300202745753596,0.115094463905535,-0.0811666338758423,0.200550347915691,-0.0128538661501941,-0.0478741730081931,0.314908799449383,-0.0451778898811163,0.0697273577047704,0.0963087804482218,0.0058619641527135,-0.058930327453757,-0.241994191123784,-0.0726924377575701,0.0184623917311944,-0.0654039850744613,-0.0956984511796761,0.00107395719660306,0.148817204819778,0.111443040785572,-0.232145260348243
